process_id,process_name,start_time,end_time,temperature,pressure,flow_rate
1,Pasteurization,2024-04-26T20:33:30,2024-04-26T21:38:30,62.5,147.2,947.2
2,Homogenization,2024-09-12T00:12:16,2024-09-12T00:55:16,67.6,145.3,814.9
3,Pasteurization,2024-08-14T15:53:40,2024-08-14T17:17:40,42.3,155.6,1001.6
4,Pasteurization,2024-06-03T10:55:36,2024-06-03T11:54:36,57.1,139.5,764.3
5,Pasteurization,2024-08-08T23:35:29,2024-08-09T00:30:29,55.4,97.7,992.6
6,Standardization,2024-06-03T19:19:39,2024-06-03T20:46:39,64.1,119.5,785.8
7,Pasteurization,2024-09-16T08:17:55,2024-09-16T09:07:55,56.3,135.9,529.1
8,Separation,2024-06-14T22:58:27,2024-06-14T23:47:27,56.9,162.0,1233.9
9,Separation,2024-05-11T20:20:03,2024-05-11T21:01:03,62.0,152.4,772.7
10,Separation,2024-10-03T13:36:36,2024-10-03T14:50:36,57.0,168.9,893.7
11,Pasteurization,2024-09-10T16:47:47,2024-09-10T18:15:47,56.8,129.6,825.7
12,Standardization,2024-05-07T07:14:07,2024-05-07T08:54:07,57.3,149.9,815.6
13,Separation,2024-08-12T02:39:21,2024-08-12T03:33:21,61.9,124.7,1013.8
14,Pasteurization,2024-08-28T09:42:37,2024-08-28T10:41:37,73.9,173.9,882.8
15,Pasteurization,2024-10-05T02:04:10,2024-10-05T03:03:10,64.4,129.8,612.5
16,Standardization,2024-06-14T23:27:03,2024-06-15T00:55:03,63.9,139.2,648.0
17,Separation,2024-05-23T14:01:22,2024-05-23T15:18:22,55.6,127.4,870.2
18,Separation,2024-09-05T06:43:10,2024-09-05T08:40:10,62.9,167.8,984.1
19,Homogenization,2024-08-03T17:16:20,2024-08-03T18:17:20,63.8,145.9,756.5
20,Standardization,2024-06-13T10:02:52,2024-06-13T11:53:52,52.5,172.0,823.3
21,Homogenization,2024-09-01T22:32:01,2024-09-01T23:43:01,57.9,173.6,715.3
22,Pasteurization,2024-06-05T11:26:28,2024-06-05T12:00:28,64.2,155.9,694.3
23,Standardization,2024-06-12T23:45:46,2024-06-13T00:23:46,59.6,169.5,969.3
24,Separation,2024-06-02T06:54:41,2024-06-02T08:47:41,67.5,156.8,1355.8
25,Standardization,2024-05-19T17:49:47,2024-05-19T18:52:47,55.4,142.0,840.9
26,Separation,2024-09-14T01:20:12,2024-09-14T03:04:12,52.9,170.8,985.5
27,Standardization,2024-07-01T07:01:32,2024-07-01T07:59:32,60.1,139.3,625.7
28,Homogenization,2024-07-29T22:33:52,2024-07-30T00:06:52,56.1,164.9,818.2
29,Pasteurization,2024-10-06T05:01:49,2024-10-06T05:45:49,57.9,160.0,1023.7
30,Homogenization,2024-09-22T19:21:26,2024-09-22T21:18:26,61.3,156.3,1055.8
31,Pasteurization,2024-07-05T17:08:44,2024-07-05T18:26:44,60.9,143.8,951.0
32,Standardization,2024-08-02T17:51:05,2024-08-02T18:53:05,58.7,142.6,1041.1
33,Pasteurization,2024-09-01T02:21:01,2024-09-01T03:05:01,58.5,96.9,901.8
34,Separation,2024-09-18T05:55:46,2024-09-18T07:47:46,58.0,144.2,917.9
35,Separation,2024-07-15T10:09:10,2024-07-15T10:59:10,59.2,154.3,546.7
36,Separation,2024-07-28T04:54:01,2024-07-28T05:46:01,55.3,178.1,847.2
37,Pasteurization,2024-10-08T00:54:38,2024-10-08T02:44:38,51.6,128.5,701.1
38,Homogenization,2024-05-21T16:16:57,2024-05-21T17:33:57,60.5,141.3,751.1
39,Pasteurization,2024-08-16T07:17:02,2024-08-16T08:28:02,60.0,159.6,811.1
40,Pasteurization,2024-10-19T09:54:48,2024-10-19T11:10:48,57.1,141.6,901.0
41,Separation,2024-06-07T11:55:43,2024-06-07T12:32:43,60.0,165.3,677.5
42,Pasteurization,2024-05-08T15:10:26,2024-05-08T16:42:26,56.1,165.5,729.7
43,Homogenization,2024-05-16T22:20:51,2024-05-17T00:14:51,66.9,178.1,1058.8
44,Homogenization,2024-06-12T11:15:12,2024-06-12T12:52:12,55.6,151.5,776.0
45,Standardization,2024-06-02T03:03:04,2024-06-02T04:42:04,64.6,184.1,981.0
46,Homogenization,2024-09-07T10:34:58,2024-09-07T11:43:58,60.0,142.7,947.4
47,Separation,2024-07-16T01:41:39,2024-07-16T03:17:39,53.9,160.7,712.8
48,Homogenization,2024-06-04T15:09:55,2024-06-04T15:47:55,63.1,146.8,791.8
49,Homogenization,2024-08-14T06:19:46,2024-08-14T07:17:46,44.5,132.3,972.0
50,Pasteurization,2024-06-05T10:56:45,2024-06-05T11:34:45,53.8,154.5,1046.1
51,Separation,2024-05-05T18:13:09,2024-05-05T19:48:09,52.0,153.7,889.0
52,Standardization,2024-06-02T14:24:57,2024-06-02T16:03:57,63.9,125.3,651.9
53,Standardization,2024-06-08T04:26:57,2024-06-08T05:56:57,62.6,155.9,887.6
54,Homogenization,2024-05-10T07:35:24,2024-05-10T08:17:24,61.7,136.4,884.8
55,Separation,2024-07-13T06:01:10,2024-07-13T07:23:10,61.5,135.7,1129.9
56,Pasteurization,2024-08-30T18:06:22,2024-08-30T19:59:22,62.4,126.2,948.5
57,Pasteurization,2024-05-03T18:28:31,2024-05-03T19:49:31,55.1,165.7,1023.8
58,Pasteurization,2024-06-09T06:49:21,2024-06-09T07:43:21,55.9,169.3,911.9
59,Standardization,2024-05-19T05:17:48,2024-05-19T06:41:48,64.1,187.9,813.2
60,Standardization,2024-06-09T12:10:56,2024-06-09T12:49:56,56.2,132.2,727.6
61,Pasteurization,2024-05-01T19:45:31,2024-05-01T21:38:31,59.6,156.8,891.5
62,Pasteurization,2024-05-10T02:38:09,2024-05-10T03:38:09,64.1,150.3,1068.0
63,Standardization,2024-07-24T11:17:34,2024-07-24T12:14:34,58.7,204.4,943.9
64,Pasteurization,2024-05-23T23:15:52,2024-05-24T00:33:52,51.2,132.9,856.3
65,Standardization,2024-06-12T11:56:08,2024-06-12T13:24:08,59.3,147.5,961.1
66,Standardization,2024-05-22T01:24:19,2024-05-22T02:18:19,57.7,165.5,1006.8
67,Pasteurization,2024-08-12T11:10:32,2024-08-12T12:49:32,58.3,131.5,773.1
68,Separation,2024-05-03T02:24:34,2024-05-03T03:00:34,63.6,151.8,944.5
69,Homogenization,2024-05-03T01:04:40,2024-05-03T02:39:40,68.8,154.6,728.7
70,Homogenization,2024-05-05T07:19:57,2024-05-05T09:05:57,65.3,151.0,980.9
71,Homogenization,2024-07-09T09:43:49,2024-07-09T10:28:49,65.3,130.8,1057.3
72,Homogenization,2024-08-12T09:57:30,2024-08-12T11:43:30,51.7,160.3,927.1
73,Pasteurization,2024-07-12T09:43:46,2024-07-12T11:37:46,62.6,227.1,935.6
74,Separation,2024-06-11T15:15:22,2024-06-11T16:11:22,65.7,169.1,947.7
75,Separation,2024-06-07T08:21:25,2024-06-07T09:24:25,58.4,165.2,734.1
76,Separation,2024-07-19T18:49:15,2024-07-19T19:59:15,58.8,140.3,862.3
77,Pasteurization,2024-04-23T19:24:47,2024-04-23T20:52:47,71.6,112.7,952.9
78,Pasteurization,2024-05-06T05:25:10,2024-05-06T07:03:10,51.9,140.6,1013.3
79,Separation,2024-05-17T17:17:32,2024-05-17T18:31:32,60.3,128.4,742.7
80,Homogenization,2024-07-02T18:07:15,2024-07-02T19:13:15,63.4,135.4,882.5
81,Separation,2024-08-18T18:37:29,2024-08-18T20:30:29,60.2,137.0,1171.6
82,Separation,2024-10-19T22:17:52,2024-10-20T00:11:52,63.2,109.5,878.0
83,Homogenization,2024-06-12T08:30:01,2024-06-12T09:14:01,56.7,167.0,731.1
84,Homogenization,2024-06-13T21:14:04,2024-06-13T22:20:04,59.4,160.1,979.9
85,Separation,2024-05-31T12:49:56,2024-05-31T14:46:56,54.0,143.3,778.8
86,Separation,2024-07-29T03:22:36,2024-07-29T04:54:36,56.7,185.3,910.7
87,Pasteurization,2024-05-09T22:08:31,2024-05-09T23:59:31,53.7,168.4,1168.3
88,Separation,2024-04-30T13:27:33,2024-04-30T13:57:33,65.2,119.6,777.4
89,Homogenization,2024-08-23T17:09:48,2024-08-23T18:12:48,66.3,135.8,916.6
90,Standardization,2024-08-07T03:01:01,2024-08-07T05:01:01,63.9,131.5,841.1
91,Pasteurization,2024-05-13T17:22:12,2024-05-13T18:01:12,43.8,129.5,812.1
92,Homogenization,2024-08-05T22:38:06,2024-08-05T23:12:06,53.8,182.6,635.5
93,Homogenization,2024-07-14T10:57:04,2024-07-14T11:43:04,65.4,147.4,780.2
94,Separation,2024-10-13T13:33:26,2024-10-13T14:08:26,60.3,197.0,910.7
95,Homogenization,2024-09-01T10:39:40,2024-09-01T11:40:40,64.5,146.0,859.1
96,Separation,2024-09-20T11:36:18,2024-09-20T13:17:18,63.2,152.5,565.4
97,Standardization,2024-08-20T12:29:32,2024-08-20T13:18:32,66.4,137.7,1166.7
98,Homogenization,2024-10-06T21:21:16,2024-10-06T22:11:16,63.4,151.4,915.9
99,Homogenization,2024-10-10T03:41:50,2024-10-10T05:03:50,76.2,147.8,892.1
100,Separation,2024-09-20T22:11:07,2024-09-20T23:33:07,56.9,145.8,776.0
101,Homogenization,2024-06-12T19:24:17,2024-06-12T20:14:17,57.1,167.0,903.6
102,Pasteurization,2024-07-05T06:46:25,2024-07-05T07:20:25,56.5,168.0,896.1
103,Homogenization,2024-05-30T18:04:36,2024-05-30T19:32:36,64.1,162.6,725.7
104,Homogenization,2024-06-04T06:53:56,2024-06-04T07:26:56,57.2,164.9,941.6
105,Standardization,2024-06-24T17:48:41,2024-06-24T18:53:41,59.9,152.3,1041.6
106,Separation,2024-06-29T04:27:34,2024-06-29T06:19:34,57.0,160.9,819.7
107,Separation,2024-04-27T08:37:40,2024-04-27T09:21:40,58.9,172.0,973.8
108,Separation,2024-05-26T16:11:10,2024-05-26T17:55:10,64.1,176.1,853.2
109,Separation,2024-04-29T10:17:29,2024-04-29T11:00:29,63.4,143.8,898.6
110,Separation,2024-09-10T11:15:57,2024-09-10T12:25:57,59.3,151.9,939.3
111,Pasteurization,2024-07-05T19:08:26,2024-07-05T20:51:26,55.9,191.8,699.1
112,Pasteurization,2024-09-06T15:10:43,2024-09-06T16:35:43,66.9,125.7,965.6
113,Homogenization,2024-07-01T17:23:42,2024-07-01T18:48:42,63.3,136.0,848.7
114,Separation,2024-08-21T00:06:52,2024-08-21T01:16:52,49.5,185.4,803.6
115,Pasteurization,2024-09-08T18:17:52,2024-09-08T19:25:52,64.0,162.3,1053.7
116,Standardization,2024-06-24T08:07:21,2024-06-24T09:28:21,57.8,154.1,933.9
117,Homogenization,2024-05-29T06:02:22,2024-05-29T07:25:22,64.4,173.1,778.4
118,Standardization,2024-08-31T12:31:49,2024-08-31T13:23:49,56.7,177.2,544.4
119,Separation,2024-07-09T20:26:50,2024-07-09T22:06:50,67.9,144.0,849.3
120,Separation,2024-06-16T17:06:53,2024-06-16T18:02:53,56.6,149.0,1040.7
121,Separation,2024-07-21T07:00:07,2024-07-21T08:26:07,63.9,159.9,863.3
122,Homogenization,2024-07-30T06:14:36,2024-07-30T07:44:36,52.8,133.1,798.5
123,Homogenization,2024-08-27T22:28:01,2024-08-27T23:08:01,62.3,151.4,997.5
124,Separation,2024-05-10T03:12:57,2024-05-10T04:12:57,62.4,151.1,1191.4
125,Homogenization,2024-09-25T14:51:19,2024-09-25T15:46:19,62.0,141.4,1129.0
126,Pasteurization,2024-06-08T13:02:56,2024-06-08T14:32:56,66.0,186.3,833.4
127,Pasteurization,2024-07-19T10:23:35,2024-07-19T11:46:35,64.9,120.9,967.6
128,Homogenization,2024-09-08T11:44:04,2024-09-08T13:43:04,59.2,122.9,1004.9
129,Standardization,2024-06-08T09:02:59,2024-06-08T09:50:59,50.9,111.7,904.4
130,Pasteurization,2024-10-12T08:05:46,2024-10-12T08:48:46,62.9,169.4,961.3
131,Homogenization,2024-05-26T03:41:28,2024-05-26T05:40:28,67.4,164.0,830.2
132,Pasteurization,2024-08-08T05:41:57,2024-08-08T06:42:57,59.6,144.4,894.3
133,Pasteurization,2024-07-19T15:15:58,2024-07-19T16:02:58,54.5,156.8,837.0
134,Separation,2024-09-15T15:43:12,2024-09-15T17:09:12,61.4,155.6,482.2
135,Standardization,2024-09-30T06:43:58,2024-09-30T08:23:58,55.5,147.8,841.7
136,Homogenization,2024-09-13T09:41:07,2024-09-13T11:11:07,61.3,156.0,1077.4
137,Homogenization,2024-10-02T02:02:41,2024-10-02T03:53:41,61.6,143.7,610.1
138,Standardization,2024-08-21T16:51:33,2024-08-21T17:51:33,53.2,160.7,1009.1
139,Pasteurization,2024-09-07T13:21:36,2024-09-07T14:27:36,67.7,133.4,804.4
140,Separation,2024-06-23T01:57:16,2024-06-23T03:36:16,61.2,190.9,867.2
141,Homogenization,2024-06-05T21:45:23,2024-06-05T23:04:23,67.8,153.4,1023.0
142,Homogenization,2024-05-04T11:19:41,2024-05-04T12:42:41,65.1,153.3,696.9
143,Standardization,2024-07-11T17:38:54,2024-07-11T18:15:54,58.7,179.8,981.7
144,Standardization,2024-07-06T15:05:36,2024-07-06T16:49:36,57.8,143.2,590.4
145,Pasteurization,2024-10-05T08:39:38,2024-10-05T10:22:38,67.2,167.7,829.4
146,Pasteurization,2024-06-29T07:18:53,2024-06-29T08:26:53,61.0,106.6,777.0
147,Standardization,2024-08-04T12:17:22,2024-08-04T13:56:22,66.7,169.6,899.6
148,Homogenization,2024-07-25T19:18:51,2024-07-25T20:16:51,59.9,165.9,807.8
149,Standardization,2024-04-27T15:15:55,2024-04-27T16:34:55,51.7,149.9,910.5
150,Standardization,2024-09-09T14:55:47,2024-09-09T15:46:47,65.6,121.2,831.6
151,Homogenization,2024-08-20T19:55:39,2024-08-20T21:33:39,45.2,148.5,905.0
152,Standardization,2024-08-14T22:25:12,2024-08-15T00:07:12,55.3,139.7,691.1
153,Pasteurization,2024-08-24T19:25:49,2024-08-24T20:49:49,59.7,169.1,702.1
154,Standardization,2024-05-27T06:55:07,2024-05-27T07:31:07,62.5,139.4,731.1
155,Separation,2024-06-02T02:24:30,2024-06-02T03:52:30,59.5,129.3,767.0
156,Standardization,2024-06-15T00:46:11,2024-06-15T02:09:11,54.0,189.3,855.3
157,Pasteurization,2024-07-22T07:47:19,2024-07-22T08:19:19,56.5,154.3,833.2
158,Pasteurization,2024-06-28T22:56:00,2024-06-28T23:54:00,58.9,162.3,963.6
159,Pasteurization,2024-09-15T10:58:53,2024-09-15T11:31:53,57.3,138.5,808.7
160,Homogenization,2024-10-01T23:05:23,2024-10-01T23:37:23,48.5,119.7,1055.0
161,Homogenization,2024-05-16T12:13:56,2024-05-16T13:43:56,68.2,145.0,936.5
162,Homogenization,2024-07-21T07:12:55,2024-07-21T09:11:55,61.6,211.6,1017.9
163,Separation,2024-05-24T13:57:14,2024-05-24T15:44:14,59.4,130.9,609.0
164,Pasteurization,2024-09-20T00:46:22,2024-09-20T01:36:22,61.0,134.9,636.7
165,Pasteurization,2024-08-12T08:51:58,2024-08-12T09:24:58,56.8,128.4,1103.1
166,Standardization,2024-07-08T00:32:37,2024-07-08T01:27:37,64.4,149.8,1072.0
167,Homogenization,2024-05-11T18:53:40,2024-05-11T20:52:40,60.4,132.8,1078.5
168,Pasteurization,2024-09-23T14:41:15,2024-09-23T16:23:15,62.7,129.3,821.4
169,Separation,2024-08-03T10:46:22,2024-08-03T12:10:22,55.6,122.3,988.9
170,Pasteurization,2024-07-29T05:56:53,2024-07-29T07:48:53,69.5,122.0,934.4
171,Standardization,2024-09-28T16:20:23,2024-09-28T17:52:23,56.7,140.3,761.1
172,Separation,2024-08-23T10:02:28,2024-08-23T11:30:28,55.7,151.0,725.4
173,Standardization,2024-05-26T04:51:27,2024-05-26T06:27:27,61.4,149.0,814.2
174,Separation,2024-08-19T14:21:34,2024-08-19T15:59:34,55.5,138.5,963.3
175,Standardization,2024-07-15T13:55:27,2024-07-15T15:40:27,62.5,130.4,864.9
176,Homogenization,2024-09-30T07:29:13,2024-09-30T08:10:13,63.8,116.6,931.5
177,Standardization,2024-06-08T08:29:09,2024-06-08T09:58:09,56.7,161.4,735.5
178,Standardization,2024-06-26T07:43:18,2024-06-26T08:16:18,51.0,117.4,857.2
179,Separation,2024-05-27T07:26:06,2024-05-27T08:58:06,61.3,131.9,945.8
180,Separation,2024-06-27T02:05:38,2024-06-27T03:10:38,51.7,148.7,668.3
181,Separation,2024-08-07T22:10:26,2024-08-07T22:41:26,56.7,150.9,720.9
182,Homogenization,2024-05-08T14:59:07,2024-05-08T15:59:07,58.1,170.1,763.5
183,Standardization,2024-08-07T19:18:31,2024-08-07T20:18:31,64.2,127.4,929.5
184,Standardization,2024-07-18T00:38:41,2024-07-18T01:10:41,67.2,100.6,730.5
185,Homogenization,2024-07-09T12:38:45,2024-07-09T14:36:45,62.9,145.9,905.7
186,Separation,2024-07-22T21:33:13,2024-07-22T23:13:13,57.0,151.7,826.6
187,Standardization,2024-09-13T20:18:39,2024-09-13T21:58:39,65.8,155.1,900.6
188,Standardization,2024-06-13T14:33:43,2024-06-13T15:42:43,57.9,140.2,785.1
189,Pasteurization,2024-09-09T01:25:43,2024-09-09T02:19:43,62.0,141.6,893.5
190,Homogenization,2024-05-29T04:38:44,2024-05-29T05:35:44,70.4,167.4,801.1
191,Separation,2024-09-09T16:48:39,2024-09-09T18:33:39,66.0,141.8,544.3
192,Separation,2024-05-11T12:29:08,2024-05-11T13:23:08,55.0,112.6,797.3
193,Separation,2024-05-26T20:15:29,2024-05-26T21:23:29,69.9,118.4,852.4
194,Homogenization,2024-06-14T06:23:00,2024-06-14T06:58:00,58.8,166.5,983.9
195,Separation,2024-09-04T10:12:02,2024-09-04T10:58:02,60.5,132.3,893.0
196,Standardization,2024-05-11T22:05:35,2024-05-11T22:36:35,60.8,161.4,718.8
197,Standardization,2024-07-23T22:58:11,2024-07-24T00:24:11,58.0,160.2,1037.1
198,Pasteurization,2024-06-10T00:38:04,2024-06-10T02:09:04,64.8,151.6,776.9
199,Pasteurization,2024-07-08T19:25:55,2024-07-08T20:57:55,62.0,128.2,727.4
200,Pasteurization,2024-05-21T11:05:56,2024-05-21T11:54:56,67.5,158.0,797.9
201,Separation,2024-05-08T12:58:18,2024-05-08T13:59:18,64.1,175.7,783.3
202,Standardization,2024-08-17T17:38:42,2024-08-17T19:24:42,57.9,138.9,994.6
203,Homogenization,2024-09-19T14:59:38,2024-09-19T16:35:38,64.9,177.7,1001.3
204,Standardization,2024-06-18T17:45:57,2024-06-18T19:30:57,51.8,155.6,691.2
205,Separation,2024-08-10T10:00:19,2024-08-10T11:49:19,57.4,153.4,975.3
206,Pasteurization,2024-09-17T02:36:45,2024-09-17T03:32:45,55.5,103.5,877.1
207,Separation,2024-08-28T05:49:05,2024-08-28T06:29:05,73.2,145.9,857.0
208,Homogenization,2024-08-07T04:28:13,2024-08-07T05:07:13,68.9,161.8,882.5
209,Standardization,2024-07-18T11:29:57,2024-07-18T13:27:57,62.2,155.0,679.0
210,Separation,2024-04-28T08:06:45,2024-04-28T09:05:45,53.3,187.7,877.6
211,Separation,2024-09-05T12:09:34,2024-09-05T13:37:34,60.5,148.2,967.2
212,Homogenization,2024-10-18T09:44:15,2024-10-18T10:47:15,72.7,160.5,761.8
213,Homogenization,2024-07-13T13:17:28,2024-07-13T14:01:28,59.3,171.4,762.6
214,Homogenization,2024-10-15T09:30:15,2024-10-15T10:34:15,64.3,103.6,815.5
215,Pasteurization,2024-05-03T13:56:00,2024-05-03T14:47:00,63.1,175.4,727.2
216,Separation,2024-07-16T06:36:12,2024-07-16T07:21:12,52.5,144.8,681.2
217,Separation,2024-09-04T20:59:43,2024-09-04T22:20:43,59.3,149.9,652.1
218,Standardization,2024-07-16T00:06:15,2024-07-16T00:46:15,64.0,146.9,1012.1
219,Standardization,2024-09-11T15:10:34,2024-09-11T16:21:34,50.8,129.7,927.5
220,Pasteurization,2024-05-09T17:36:50,2024-05-09T18:35:50,56.0,146.7,850.1
221,Pasteurization,2024-09-17T12:02:30,2024-09-17T13:58:30,60.8,136.4,872.4
222,Pasteurization,2024-09-17T04:20:44,2024-09-17T05:12:44,56.1,163.5,832.8
223,Standardization,2024-10-16T21:12:31,2024-10-16T22:17:31,60.8,201.4,683.9
224,Standardization,2024-08-23T06:18:40,2024-08-23T07:50:40,66.9,96.8,538.2
225,Standardization,2024-06-28T13:36:57,2024-06-28T14:58:57,53.8,126.4,880.6
226,Pasteurization,2024-10-05T13:19:33,2024-10-05T14:09:33,61.4,144.9,827.5
227,Standardization,2024-06-16T23:11:32,2024-06-17T01:05:32,62.6,166.7,651.0
228,Pasteurization,2024-07-19T07:38:32,2024-07-19T08:19:32,58.2,148.6,922.8
229,Separation,2024-05-14T12:14:01,2024-05-14T13:35:01,56.1,148.2,854.5
230,Pasteurization,2024-08-27T16:55:10,2024-08-27T18:34:10,56.5,135.4,864.8
231,Pasteurization,2024-05-28T10:11:52,2024-05-28T11:47:52,59.3,160.0,692.0
232,Standardization,2024-08-21T10:36:57,2024-08-21T12:02:57,58.2,145.4,972.1
233,Homogenization,2024-06-12T20:34:20,2024-06-12T22:14:20,55.3,154.7,887.9
234,Separation,2024-07-16T01:46:08,2024-07-16T03:45:08,68.2,129.9,751.4
235,Pasteurization,2024-08-22T08:06:59,2024-08-22T09:53:59,55.3,116.6,1114.7
236,Homogenization,2024-06-21T08:12:02,2024-06-21T09:52:02,75.7,139.5,1007.4
237,Standardization,2024-05-10T02:23:10,2024-05-10T03:21:10,56.5,121.8,616.5
238,Pasteurization,2024-07-20T14:30:10,2024-07-20T15:15:10,63.0,124.4,1113.2
239,Homogenization,2024-07-27T18:35:53,2024-07-27T19:42:53,49.6,183.9,881.7
240,Separation,2024-07-11T16:19:31,2024-07-11T17:50:31,59.5,139.1,909.9
241,Homogenization,2024-07-19T16:46:45,2024-07-19T18:26:45,59.8,172.1,867.1
242,Homogenization,2024-10-18T00:13:01,2024-10-18T01:59:01,60.8,142.7,841.5
243,Homogenization,2024-10-06T18:39:26,2024-10-06T19:17:26,61.5,115.8,647.8
244,Standardization,2024-06-26T23:56:00,2024-06-27T01:30:00,63.7,153.4,822.4
245,Pasteurization,2024-06-15T22:07:30,2024-06-15T23:15:30,60.1,157.0,769.0
246,Standardization,2024-10-07T00:24:23,2024-10-07T01:13:23,56.1,153.9,703.2
247,Standardization,2024-06-28T00:23:38,2024-06-28T01:35:38,62.0,115.9,1004.4
248,Standardization,2024-07-19T10:03:34,2024-07-19T11:14:34,62.4,155.1,997.4
249,Homogenization,2024-08-11T00:46:12,2024-08-11T02:05:12,68.3,170.3,573.9
250,Standardization,2024-04-30T11:24:40,2024-04-30T12:34:40,53.6,137.5,853.9
251,Standardization,2024-07-05T23:15:26,2024-07-06T01:09:26,62.6,135.5,878.0
252,Homogenization,2024-07-27T04:23:55,2024-07-27T04:57:55,56.2,137.8,639.0
253,Separation,2024-10-07T21:05:50,2024-10-07T21:47:50,55.4,123.0,703.6
254,Standardization,2024-05-11T08:41:24,2024-05-11T10:18:24,65.3,131.0,1244.9
255,Pasteurization,2024-09-09T06:49:56,2024-09-09T07:37:56,62.5,153.7,721.2
256,Homogenization,2024-05-06T12:43:29,2024-05-06T14:13:29,63.5,138.5,868.3
257,Separation,2024-06-26T17:48:34,2024-06-26T19:37:34,72.8,148.1,1022.4
258,Pasteurization,2024-10-04T09:30:50,2024-10-04T10:42:50,56.5,149.3,1115.6
259,Standardization,2024-06-22T11:44:52,2024-06-22T13:34:52,56.9,186.2,956.2
260,Standardization,2024-10-08T09:35:58,2024-10-08T11:14:58,72.0,138.8,686.8
261,Pasteurization,2024-06-06T14:06:31,2024-06-06T15:56:31,64.6,114.7,1021.6
262,Separation,2024-06-05T04:09:46,2024-06-05T04:50:46,53.4,145.5,1009.7
263,Pasteurization,2024-09-16T15:34:46,2024-09-16T17:25:46,60.6,166.3,942.8
264,Pasteurization,2024-07-17T03:41:30,2024-07-17T04:32:30,66.4,171.2,781.9
265,Pasteurization,2024-04-30T22:20:00,2024-04-30T23:31:00,63.2,119.5,841.3
266,Separation,2024-06-30T14:33:36,2024-06-30T15:50:36,64.1,152.7,917.0
267,Homogenization,2024-08-03T03:24:52,2024-08-03T04:46:52,58.9,172.6,837.9
268,Homogenization,2024-05-25T00:10:52,2024-05-25T01:02:52,57.7,167.7,639.2
269,Standardization,2024-08-20T08:03:34,2024-08-20T10:00:34,62.5,129.2,1041.7
270,Homogenization,2024-06-06T02:04:35,2024-06-06T03:33:35,58.7,152.7,911.9
271,Standardization,2024-06-10T13:54:31,2024-06-10T15:49:31,71.6,111.4,1004.8
272,Standardization,2024-10-13T23:56:25,2024-10-14T01:02:25,52.6,155.3,983.4
273,Homogenization,2024-05-06T08:13:17,2024-05-06T09:39:17,60.4,171.3,772.4
274,Separation,2024-08-24T01:40:12,2024-08-24T03:04:12,67.0,196.0,795.6
275,Standardization,2024-10-03T03:24:06,2024-10-03T04:32:06,57.8,179.1,1086.9
276,Standardization,2024-10-04T16:49:53,2024-10-04T18:20:53,57.4,141.6,807.7
277,Standardization,2024-08-11T01:21:10,2024-08-11T02:36:10,53.3,131.6,699.4
278,Separation,2024-04-26T06:14:45,2024-04-26T08:08:45,56.2,149.3,885.1
279,Pasteurization,2024-08-09T21:25:13,2024-08-09T23:22:13,67.8,130.0,997.6
280,Pasteurization,2024-10-15T19:46:57,2024-10-15T21:33:57,58.9,149.0,951.2
281,Separation,2024-09-19T15:12:53,2024-09-19T16:11:53,54.4,157.6,875.0
282,Separation,2024-06-03T12:38:06,2024-06-03T14:29:06,62.5,155.8,1218.3
283,Separation,2024-08-31T14:36:40,2024-08-31T16:30:40,56.8,139.4,756.5
284,Homogenization,2024-08-21T23:50:54,2024-08-22T00:32:54,57.2,137.3,1028.4
285,Pasteurization,2024-06-20T23:43:53,2024-06-21T01:09:53,42.3,142.5,674.0
286,Separation,2024-09-11T05:02:38,2024-09-11T05:48:38,64.0,171.0,901.5
287,Separation,2024-06-24T10:37:17,2024-06-24T12:00:17,58.1,135.9,744.5
288,Homogenization,2024-09-21T17:24:55,2024-09-21T19:03:55,71.8,168.8,724.0
289,Separation,2024-08-03T01:57:04,2024-08-03T03:31:04,60.8,142.7,937.6
290,Homogenization,2024-06-10T21:34:02,2024-06-10T23:05:02,62.7,171.7,722.4
291,Separation,2024-09-13T23:13:07,2024-09-14T00:26:07,60.5,115.0,661.4
292,Standardization,2024-05-06T14:55:13,2024-05-06T15:43:13,64.4,131.0,723.9
293,Homogenization,2024-10-06T00:32:44,2024-10-06T02:28:44,60.0,163.9,690.9
294,Standardization,2024-10-03T05:27:17,2024-10-03T07:08:17,42.6,132.6,1030.8
295,Standardization,2024-04-24T16:51:56,2024-04-24T17:54:56,61.7,176.5,680.2
296,Standardization,2024-07-02T13:44:01,2024-07-02T15:40:01,51.8,159.3,886.0
297,Separation,2024-08-13T12:14:50,2024-08-13T13:32:50,61.5,168.7,913.3
298,Separation,2024-05-13T00:55:45,2024-05-13T02:51:45,62.0,164.3,925.4
299,Pasteurization,2024-08-20T07:17:51,2024-08-20T08:58:51,64.3,170.2,1079.8
300,Homogenization,2024-08-25T18:16:43,2024-08-25T18:54:43,56.8,159.6,794.5
301,Standardization,2024-10-15T14:03:12,2024-10-15T16:02:12,55.8,136.2,924.2
302,Standardization,2024-05-14T15:44:57,2024-05-14T16:31:57,72.7,150.6,1041.8
303,Pasteurization,2024-06-20T02:26:30,2024-06-20T03:59:30,61.0,150.9,646.0
304,Homogenization,2024-10-11T06:55:41,2024-10-11T08:33:41,63.7,162.9,1174.5
305,Standardization,2024-07-03T01:02:20,2024-07-03T02:57:20,58.5,154.4,887.4
306,Standardization,2024-08-14T01:12:15,2024-08-14T02:01:15,67.9,148.1,891.9
307,Pasteurization,2024-09-30T21:17:28,2024-09-30T22:49:28,63.0,153.7,783.0
308,Separation,2024-04-28T08:28:08,2024-04-28T10:26:08,61.0,171.5,696.0
309,Standardization,2024-07-17T08:25:58,2024-07-17T09:25:58,60.7,136.0,1029.3
310,Pasteurization,2024-09-02T03:30:05,2024-09-02T04:47:05,52.4,138.8,906.6
311,Separation,2024-05-03T18:11:01,2024-05-03T19:31:01,67.8,148.7,766.7
312,Pasteurization,2024-10-03T16:07:15,2024-10-03T17:35:15,69.4,121.0,520.2
313,Homogenization,2024-08-24T14:33:34,2024-08-24T16:24:34,62.2,140.0,696.8
314,Pasteurization,2024-05-01T19:42:46,2024-05-01T20:54:46,63.5,154.9,765.4
315,Homogenization,2024-09-21T19:35:01,2024-09-21T21:17:01,53.6,167.4,947.5
316,Homogenization,2024-08-13T20:44:35,2024-08-13T21:41:35,59.5,186.9,689.5
317,Homogenization,2024-06-24T19:11:54,2024-06-24T19:59:54,52.4,136.2,843.2
318,Pasteurization,2024-06-14T20:11:39,2024-06-14T20:59:39,61.2,145.2,902.8
319,Separation,2024-09-24T01:20:38,2024-09-24T02:12:38,53.7,178.9,837.7
320,Pasteurization,2024-05-17T14:14:51,2024-05-17T14:45:51,65.6,156.9,918.5
321,Homogenization,2024-08-14T08:15:12,2024-08-14T09:26:12,70.8,159.2,941.1
322,Separation,2024-05-02T04:11:49,2024-05-02T04:57:49,55.3,156.5,1037.4
323,Pasteurization,2024-09-13T19:03:07,2024-09-13T19:41:07,62.5,129.4,842.5
324,Separation,2024-07-30T15:51:44,2024-07-30T17:36:44,61.9,134.9,646.3
325,Homogenization,2024-08-19T10:36:20,2024-08-19T11:11:20,58.4,135.2,847.9
326,Separation,2024-07-19T22:37:58,2024-07-20T00:29:58,52.0,161.3,754.8
327,Pasteurization,2024-07-24T00:13:02,2024-07-24T01:34:02,65.0,144.5,846.2
328,Pasteurization,2024-07-26T04:49:06,2024-07-26T06:15:06,59.1,136.2,1220.8
329,Pasteurization,2024-06-23T13:08:59,2024-06-23T14:55:59,57.5,170.5,686.0
330,Homogenization,2024-06-14T09:40:02,2024-06-14T11:29:02,61.9,159.6,846.4
331,Separation,2024-07-04T23:08:35,2024-07-05T00:54:35,57.1,144.7,789.5
332,Standardization,2024-07-29T04:02:19,2024-07-29T05:49:19,72.0,149.5,928.7
333,Pasteurization,2024-10-04T14:18:07,2024-10-04T16:11:07,68.9,132.5,855.6
334,Homogenization,2024-07-14T12:16:16,2024-07-14T13:43:16,58.7,148.3,823.1
335,Standardization,2024-06-26T19:32:08,2024-06-26T21:00:08,56.3,153.9,690.6
336,Pasteurization,2024-06-21T16:34:51,2024-06-21T17:58:51,64.9,162.5,776.0
337,Separation,2024-07-03T16:22:09,2024-07-03T17:11:09,57.8,155.5,730.2
338,Standardization,2024-05-05T00:51:50,2024-05-05T01:32:50,69.1,157.2,909.0
339,Pasteurization,2024-07-14T20:41:25,2024-07-14T21:23:25,63.4,138.4,1013.4
340,Separation,2024-09-26T15:07:08,2024-09-26T15:53:08,60.6,169.0,820.3
341,Separation,2024-08-30T02:29:17,2024-08-30T03:14:17,66.6,158.0,1177.4
342,Standardization,2024-10-07T13:36:09,2024-10-07T14:12:09,58.2,154.1,695.3
343,Separation,2024-06-29T06:47:24,2024-06-29T07:30:24,57.4,162.4,1019.4
344,Homogenization,2024-05-22T01:05:41,2024-05-22T02:59:41,74.8,148.1,710.0
345,Pasteurization,2024-06-28T23:38:58,2024-06-29T01:19:58,63.8,127.4,934.6
346,Separation,2024-08-11T11:29:59,2024-08-11T12:27:59,57.5,154.2,1013.7
347,Pasteurization,2024-08-18T06:07:19,2024-08-18T08:01:19,59.4,168.7,981.0
348,Separation,2024-04-27T14:55:53,2024-04-27T15:48:53,50.7,132.0,615.7
349,Separation,2024-10-17T22:40:34,2024-10-17T23:53:34,70.0,147.9,1117.1
350,Homogenization,2024-10-07T21:51:14,2024-10-07T22:39:14,51.8,138.5,970.1
351,Standardization,2024-05-05T12:17:29,2024-05-05T13:05:29,60.9,160.7,661.9
352,Pasteurization,2024-05-09T19:37:18,2024-05-09T21:14:18,66.9,165.5,910.2
353,Standardization,2024-07-19T02:08:33,2024-07-19T03:21:33,56.6,156.5,806.3
354,Separation,2024-09-09T02:52:51,2024-09-09T04:03:51,51.7,149.0,826.5
355,Pasteurization,2024-10-10T12:40:22,2024-10-10T13:16:22,65.3,105.3,885.3
356,Pasteurization,2024-08-30T20:55:18,2024-08-30T21:35:18,54.2,156.4,906.1
357,Standardization,2024-07-25T07:20:51,2024-07-25T09:07:51,59.6,166.1,663.1
358,Separation,2024-06-02T20:37:27,2024-06-02T22:12:27,65.5,135.8,616.6
359,Standardization,2024-05-13T12:47:01,2024-05-13T13:53:01,58.6,108.1,888.1
360,Standardization,2024-08-02T07:41:27,2024-08-02T09:36:27,58.7,174.7,947.3
361,Homogenization,2024-07-07T18:03:39,2024-07-07T19:49:39,53.0,133.2,928.1
362,Homogenization,2024-06-19T12:42:57,2024-06-19T13:39:57,64.2,174.5,1032.2
363,Separation,2024-06-17T04:55:17,2024-06-17T06:06:17,59.6,157.3,1044.8
364,Standardization,2024-09-14T01:20:17,2024-09-14T02:45:17,58.5,157.6,801.0
365,Standardization,2024-08-03T10:00:49,2024-08-03T12:00:49,57.2,151.0,746.9
366,Separation,2024-05-05T23:53:46,2024-05-06T01:13:46,59.3,129.3,821.5
367,Pasteurization,2024-07-15T16:55:50,2024-07-15T17:27:50,62.2,138.2,851.4
368,Pasteurization,2024-10-06T09:43:25,2024-10-06T10:53:25,60.7,159.1,830.0
369,Standardization,2024-09-06T18:30:17,2024-09-06T20:21:17,65.4,108.0,1290.7
370,Pasteurization,2024-07-09T15:35:14,2024-07-09T16:07:14,55.6,158.1,709.2
371,Homogenization,2024-09-24T14:25:54,2024-09-24T16:14:54,63.2,155.5,752.4
372,Separation,2024-05-09T02:42:54,2024-05-09T04:07:54,65.4,146.7,932.1
373,Homogenization,2024-07-15T14:23:59,2024-07-15T16:08:59,55.4,149.4,1150.5
374,Pasteurization,2024-07-07T20:24:23,2024-07-07T21:33:23,64.8,156.2,782.7
375,Homogenization,2024-06-25T16:12:44,2024-06-25T17:03:44,60.3,154.0,917.4
376,Pasteurization,2024-08-03T00:47:51,2024-08-03T02:22:51,54.6,163.4,686.6
377,Separation,2024-06-29T04:14:36,2024-06-29T06:06:36,68.2,134.6,894.5
378,Homogenization,2024-05-11T23:06:13,2024-05-11T23:54:13,65.0,145.0,901.1
379,Homogenization,2024-08-16T23:22:57,2024-08-17T00:11:57,67.2,161.3,903.3
380,Pasteurization,2024-05-26T09:33:38,2024-05-26T11:23:38,51.6,131.3,1007.0
381,Standardization,2024-09-01T06:18:43,2024-09-01T08:00:43,62.8,164.4,945.3
382,Separation,2024-10-06T19:40:56,2024-10-06T21:30:56,66.4,144.8,868.1
383,Standardization,2024-05-05T06:14:13,2024-05-05T07:44:13,54.9,124.4,603.4
384,Separation,2024-09-23T15:09:55,2024-09-23T16:14:55,55.6,181.1,617.1
385,Separation,2024-07-29T12:21:40,2024-07-29T13:00:40,58.5,124.1,759.9
386,Standardization,2024-04-29T07:15:44,2024-04-29T07:52:44,60.8,136.0,1013.4
387,Separation,2024-05-06T21:35:32,2024-05-06T23:27:32,67.7,105.0,747.6
388,Pasteurization,2024-08-19T10:08:48,2024-08-19T11:54:48,60.3,172.5,781.9
389,Standardization,2024-08-12T16:31:51,2024-08-12T18:11:51,59.9,126.9,620.1
390,Pasteurization,2024-07-18T07:54:39,2024-07-18T09:37:39,67.2,113.5,1199.3
391,Separation,2024-08-17T11:31:53,2024-08-17T13:01:53,63.6,163.6,936.3
392,Pasteurization,2024-07-18T11:35:23,2024-07-18T12:18:23,58.7,157.8,821.7
393,Separation,2024-09-07T16:57:06,2024-09-07T17:37:06,62.8,149.3,707.4
394,Homogenization,2024-04-29T14:24:55,2024-04-29T15:25:55,55.6,130.3,995.6
395,Standardization,2024-08-01T18:20:11,2024-08-01T19:56:11,56.9,111.8,909.5
396,Separation,2024-07-03T09:36:58,2024-07-03T10:42:58,67.6,165.5,759.5
397,Separation,2024-08-31T19:53:33,2024-08-31T21:39:33,52.1,147.3,826.1
398,Separation,2024-05-04T19:10:17,2024-05-04T20:22:17,55.2,161.0,1127.0
399,Standardization,2024-06-16T04:13:15,2024-06-16T05:15:15,61.1,153.2,709.4
400,Homogenization,2024-06-25T17:34:46,2024-06-25T18:14:46,67.0,148.5,763.2
401,Homogenization,2024-10-17T00:20:53,2024-10-17T01:34:53,60.3,159.4,870.9
402,Standardization,2024-05-17T00:57:29,2024-05-17T02:43:29,66.0,157.7,807.4
403,Pasteurization,2024-06-21T02:45:22,2024-06-21T04:26:22,62.0,160.0,655.5
404,Separation,2024-09-26T21:42:56,2024-09-26T22:28:56,65.7,144.0,808.7
405,Pasteurization,2024-08-25T10:41:37,2024-08-25T12:36:37,63.8,164.9,744.9
406,Separation,2024-04-25T12:57:37,2024-04-25T14:13:37,64.0,138.8,1122.9
407,Homogenization,2024-06-27T08:35:17,2024-06-27T10:07:17,55.9,154.8,732.7
408,Homogenization,2024-05-22T02:05:48,2024-05-22T02:44:48,71.1,125.2,928.7
409,Pasteurization,2024-07-29T14:00:19,2024-07-29T15:39:19,56.3,142.9,918.0
410,Pasteurization,2024-08-28T12:48:49,2024-08-28T14:01:49,66.1,182.5,619.5
411,Homogenization,2024-08-15T23:22:12,2024-08-16T00:40:12,61.3,179.2,597.2
412,Homogenization,2024-09-30T10:20:55,2024-09-30T12:18:55,61.6,150.0,912.2
413,Homogenization,2024-09-09T00:57:22,2024-09-09T02:23:22,56.2,134.6,1101.7
414,Separation,2024-08-31T08:04:46,2024-08-31T09:04:46,57.2,161.4,1094.3
415,Separation,2024-09-15T02:23:49,2024-09-15T03:50:49,58.1,145.9,762.7
416,Homogenization,2024-06-21T02:13:29,2024-06-21T03:43:29,54.9,137.0,666.4
417,Homogenization,2024-07-02T10:15:47,2024-07-02T12:11:47,60.2,134.6,885.1
418,Standardization,2024-07-20T15:35:04,2024-07-20T16:41:04,52.2,156.6,975.0
419,Standardization,2024-05-23T11:14:44,2024-05-23T12:09:44,50.0,157.5,1034.2
420,Homogenization,2024-10-08T12:29:01,2024-10-08T13:31:01,54.0,183.5,912.9
421,Standardization,2024-10-08T17:40:48,2024-10-08T18:57:48,56.5,148.9,933.7
422,Pasteurization,2024-09-07T03:22:07,2024-09-07T04:58:07,60.4,160.8,711.9
423,Separation,2024-05-08T06:53:11,2024-05-08T07:43:11,60.8,121.7,833.3
424,Homogenization,2024-09-30T08:57:30,2024-09-30T10:22:30,55.5,135.3,1035.4
425,Homogenization,2024-09-27T14:06:46,2024-09-27T15:33:46,65.5,162.2,686.2
426,Pasteurization,2024-07-11T13:33:35,2024-07-11T14:09:35,58.4,174.3,871.3
427,Separation,2024-06-06T18:48:19,2024-06-06T20:07:19,71.6,157.9,878.8
428,Separation,2024-06-04T14:25:35,2024-06-04T14:58:35,58.5,152.7,827.1
429,Pasteurization,2024-10-01T22:50:41,2024-10-02T00:43:41,63.5,169.1,732.1
430,Homogenization,2024-05-18T17:15:38,2024-05-18T17:49:38,53.3,113.3,926.2
431,Standardization,2024-09-04T03:55:50,2024-09-04T04:42:50,54.5,106.9,908.3
432,Standardization,2024-07-18T02:38:03,2024-07-18T04:26:03,76.8,199.9,887.7
433,Pasteurization,2024-04-25T16:33:52,2024-04-25T17:35:52,60.0,142.3,919.6
434,Homogenization,2024-08-06T13:36:47,2024-08-06T15:23:47,57.8,173.3,935.3
435,Pasteurization,2024-09-19T17:13:35,2024-09-19T18:19:35,63.0,139.9,814.5
436,Pasteurization,2024-05-01T06:31:42,2024-05-01T07:31:42,54.1,142.9,694.5
437,Standardization,2024-05-04T04:42:09,2024-05-04T05:26:09,66.6,151.0,875.6
438,Standardization,2024-08-15T21:00:19,2024-08-15T22:38:19,72.9,149.5,972.7
439,Homogenization,2024-09-08T12:39:33,2024-09-08T13:27:33,67.0,161.2,851.6
440,Pasteurization,2024-08-19T09:13:13,2024-08-19T10:28:13,53.4,128.7,804.2
441,Standardization,2024-05-28T08:56:45,2024-05-28T10:51:45,57.0,146.3,858.5
442,Separation,2024-05-05T03:24:30,2024-05-05T05:01:30,62.6,148.6,923.0
443,Pasteurization,2024-07-06T19:38:46,2024-07-06T21:08:46,52.5,92.2,894.0
444,Standardization,2024-07-03T11:42:54,2024-07-03T12:44:54,61.4,134.1,931.0
445,Separation,2024-09-22T02:46:10,2024-09-22T03:24:10,53.6,130.7,912.6
446,Pasteurization,2024-09-18T19:27:25,2024-09-18T21:11:25,56.6,148.7,765.5
447,Separation,2024-05-17T21:44:01,2024-05-17T22:19:01,57.9,142.7,744.0
448,Separation,2024-09-26T23:13:33,2024-09-27T01:05:33,61.5,137.4,852.4
449,Standardization,2024-09-04T00:44:55,2024-09-04T02:15:55,56.4,119.3,986.9
450,Homogenization,2024-05-04T06:04:11,2024-05-04T07:32:11,65.0,98.9,990.1
451,Homogenization,2024-04-30T12:09:07,2024-04-30T13:04:07,53.2,145.5,674.5
452,Separation,2024-06-21T05:03:30,2024-06-21T06:38:30,51.0,160.8,963.9
453,Standardization,2024-06-10T04:31:39,2024-06-10T05:05:39,57.1,98.2,768.1
454,Homogenization,2024-06-16T13:22:24,2024-06-16T14:37:24,62.0,120.4,877.5
455,Pasteurization,2024-10-07T02:54:44,2024-10-07T04:47:44,59.9,161.6,867.9
456,Pasteurization,2024-09-24T05:12:20,2024-09-24T06:29:20,55.1,173.9,826.2
457,Standardization,2024-09-13T08:03:53,2024-09-13T09:29:53,59.9,131.3,783.5
458,Standardization,2024-06-26T20:01:30,2024-06-26T20:54:30,55.6,146.5,1106.8
459,Standardization,2024-07-02T07:57:38,2024-07-02T09:33:38,53.1,117.7,1070.7
460,Pasteurization,2024-09-10T04:26:40,2024-09-10T05:50:40,59.0,136.6,1006.0
461,Homogenization,2024-08-05T22:05:41,2024-08-05T23:12:41,57.0,186.5,951.7
462,Pasteurization,2024-06-24T16:13:03,2024-06-24T18:07:03,57.6,193.1,759.1
463,Standardization,2024-08-17T00:25:13,2024-08-17T01:49:13,63.7,156.0,1045.3
464,Standardization,2024-06-29T06:19:39,2024-06-29T07:46:39,42.7,181.2,671.3
465,Separation,2024-08-19T09:24:56,2024-08-19T10:49:56,60.3,151.8,1108.3
466,Pasteurization,2024-05-06T13:43:01,2024-05-06T15:38:01,58.9,151.8,885.5
467,Separation,2024-07-30T15:09:14,2024-07-30T17:05:14,57.7,134.0,1044.8
468,Pasteurization,2024-05-19T17:24:01,2024-05-19T19:11:01,55.1,123.4,952.0
469,Standardization,2024-04-28T18:10:29,2024-04-28T18:56:29,65.8,141.0,784.6
470,Separation,2024-07-01T07:44:38,2024-07-01T09:03:38,61.4,135.8,732.7
471,Pasteurization,2024-08-17T11:56:46,2024-08-17T12:45:46,64.4,162.1,1046.7
472,Separation,2024-07-03T05:42:28,2024-07-03T07:08:28,53.7,140.0,892.2
473,Homogenization,2024-08-02T19:27:42,2024-08-02T20:43:42,55.4,162.8,1033.7
474,Separation,2024-06-09T11:16:28,2024-06-09T12:00:28,61.2,137.1,989.2
475,Homogenization,2024-07-27T21:42:48,2024-07-27T23:18:48,60.3,155.4,1079.3
476,Pasteurization,2024-06-11T19:58:03,2024-06-11T21:01:03,62.5,160.8,1010.9
477,Homogenization,2024-08-18T19:33:15,2024-08-18T20:39:15,58.2,133.2,693.3
478,Standardization,2024-05-30T20:53:55,2024-05-30T21:38:55,50.2,191.1,684.5
479,Pasteurization,2024-07-18T18:40:17,2024-07-18T19:32:17,58.9,144.5,896.1
480,Standardization,2024-05-09T01:08:04,2024-05-09T03:05:04,64.1,167.2,762.5
481,Separation,2024-08-29T16:21:32,2024-08-29T17:35:32,59.2,155.7,812.7
482,Separation,2024-10-12T01:54:24,2024-10-12T03:02:24,68.0,159.8,960.2
483,Homogenization,2024-09-23T02:53:35,2024-09-23T04:09:35,63.3,173.5,877.2
484,Pasteurization,2024-05-31T00:38:11,2024-05-31T01:25:11,53.5,158.0,752.3
485,Standardization,2024-04-27T02:29:32,2024-04-27T03:45:32,57.4,161.7,1035.7
486,Separation,2024-07-21T18:16:08,2024-07-21T19:56:08,60.1,156.2,1105.3
487,Pasteurization,2024-05-04T18:24:30,2024-05-04T19:33:30,61.2,202.0,934.8
488,Standardization,2024-08-02T01:55:09,2024-08-02T03:17:09,51.2,165.1,907.2
489,Pasteurization,2024-05-16T08:03:54,2024-05-16T09:13:54,66.4,163.5,829.2
490,Standardization,2024-07-21T10:56:24,2024-07-21T12:53:24,53.9,145.8,722.4
491,Homogenization,2024-10-09T11:35:27,2024-10-09T13:15:27,57.1,161.8,1100.5
492,Homogenization,2024-09-18T02:07:18,2024-09-18T02:53:18,62.0,126.1,916.7
493,Pasteurization,2024-09-30T10:33:43,2024-09-30T11:18:43,66.0,137.8,829.9
494,Separation,2024-05-23T23:21:27,2024-05-24T00:11:27,60.1,134.3,947.2
495,Homogenization,2024-06-28T04:35:03,2024-06-28T06:11:03,59.4,158.4,716.9
496,Pasteurization,2024-06-09T15:54:19,2024-06-09T16:49:19,57.8,164.4,794.1
497,Separation,2024-05-16T07:20:09,2024-05-16T09:10:09,68.6,142.0,883.7
498,Pasteurization,2024-07-28T14:09:38,2024-07-28T16:01:38,64.7,121.6,585.9
499,Homogenization,2024-05-25T05:51:09,2024-05-25T07:45:09,52.4,175.3,767.2
500,Separation,2024-10-02T14:28:27,2024-10-02T16:10:27,65.7,201.2,869.0
501,Pasteurization,2024-05-07T18:31:33,2024-05-07T19:06:33,56.6,187.2,1133.0
502,Separation,2024-08-26T10:29:08,2024-08-26T11:25:08,68.2,169.1,756.3
503,Standardization,2024-08-20T00:35:38,2024-08-20T02:26:38,73.0,166.6,727.3
504,Separation,2024-08-24T15:30:17,2024-08-24T16:38:17,60.0,146.6,782.0
505,Standardization,2024-06-18T18:08:32,2024-06-18T19:36:32,63.5,169.1,863.3
506,Pasteurization,2024-05-22T16:42:29,2024-05-22T18:08:29,67.4,127.2,821.0
507,Standardization,2024-05-31T14:48:58,2024-05-31T16:01:58,56.4,112.7,837.6
508,Separation,2024-10-06T06:48:41,2024-10-06T07:58:41,59.4,180.3,944.6
509,Separation,2024-07-08T10:09:14,2024-07-08T10:55:14,54.9,187.1,1033.2
510,Pasteurization,2024-06-22T23:11:16,2024-06-23T00:11:16,62.9,145.5,706.1
511,Separation,2024-07-18T07:16:09,2024-07-18T08:17:09,58.1,171.8,1132.7
512,Pasteurization,2024-06-17T08:29:09,2024-06-17T09:48:09,67.7,140.2,682.1
513,Standardization,2024-06-09T05:01:24,2024-06-09T05:51:24,60.7,114.6,898.5
514,Separation,2024-05-28T20:41:27,2024-05-28T21:31:27,59.3,140.7,610.8
515,Standardization,2024-07-27T20:23:19,2024-07-27T21:32:19,62.6,139.3,674.5
516,Pasteurization,2024-07-07T08:38:29,2024-07-07T10:12:29,45.6,149.4,1115.8
517,Homogenization,2024-06-02T18:38:44,2024-06-02T20:22:44,68.3,140.9,759.7
518,Pasteurization,2024-06-15T15:12:56,2024-06-15T16:45:56,62.3,130.0,895.3
519,Standardization,2024-06-16T11:41:02,2024-06-16T13:19:02,70.1,157.1,868.2
520,Pasteurization,2024-07-14T16:16:08,2024-07-14T17:03:08,55.1,132.2,903.3
521,Separation,2024-09-17T07:49:49,2024-09-17T09:10:49,58.9,133.2,711.6
522,Standardization,2024-05-01T22:24:43,2024-05-02T00:06:43,58.5,181.4,771.1
523,Separation,2024-08-07T10:12:20,2024-08-07T11:18:20,59.9,152.0,680.3
524,Standardization,2024-09-17T10:22:52,2024-09-17T12:02:52,51.2,129.5,887.1
525,Pasteurization,2024-05-16T23:36:53,2024-05-17T00:18:53,60.4,164.0,864.5
526,Separation,2024-08-08T07:41:05,2024-08-08T08:57:05,59.5,137.9,982.7
527,Homogenization,2024-08-16T23:40:51,2024-08-17T01:15:51,55.4,127.8,935.1
528,Pasteurization,2024-04-30T19:07:44,2024-04-30T19:41:44,53.3,198.3,862.0
529,Separation,2024-09-25T02:45:08,2024-09-25T04:15:08,61.7,133.8,802.7
530,Homogenization,2024-08-17T17:22:43,2024-08-17T18:57:43,57.9,139.2,944.9
531,Separation,2024-05-23T13:18:51,2024-05-23T14:38:51,57.8,170.4,1249.5
532,Separation,2024-08-15T06:57:26,2024-08-15T08:10:26,58.5,153.0,906.9
533,Standardization,2024-09-06T14:58:00,2024-09-06T16:40:00,69.1,148.3,725.6
534,Pasteurization,2024-07-02T12:40:18,2024-07-02T13:52:18,53.7,148.8,782.7
535,Standardization,2024-08-13T08:14:56,2024-08-13T09:23:56,70.1,185.4,694.8
536,Pasteurization,2024-08-15T21:48:01,2024-08-15T23:18:01,56.4,151.5,1059.6
537,Homogenization,2024-09-09T01:58:05,2024-09-09T02:34:05,60.3,137.1,841.2
538,Homogenization,2024-08-01T19:05:59,2024-08-01T20:55:59,56.9,162.0,743.6
539,Standardization,2024-05-20T16:41:04,2024-05-20T18:38:04,57.4,173.2,734.7
540,Pasteurization,2024-05-29T01:07:09,2024-05-29T01:39:09,52.8,151.9,795.9
541,Standardization,2024-05-21T09:43:14,2024-05-21T11:05:14,62.6,156.3,845.2
542,Standardization,2024-07-28T10:38:54,2024-07-28T12:26:54,59.7,135.3,862.5
543,Pasteurization,2024-09-06T01:09:03,2024-09-06T01:56:03,64.4,130.5,849.2
544,Separation,2024-08-28T14:12:02,2024-08-28T15:43:02,65.2,160.1,1046.4
545,Separation,2024-05-25T15:05:18,2024-05-25T16:33:18,57.2,113.4,880.1
546,Separation,2024-08-06T01:49:03,2024-08-06T03:04:03,61.8,177.4,1028.2
547,Separation,2024-08-18T11:09:46,2024-08-18T12:40:46,62.7,165.3,821.2
548,Homogenization,2024-06-15T04:15:50,2024-06-15T05:56:50,53.9,152.4,997.4
549,Separation,2024-09-18T17:55:57,2024-09-18T19:01:57,63.3,166.7,785.8
550,Standardization,2024-06-22T13:31:01,2024-06-22T15:02:01,58.7,159.7,768.0
551,Separation,2024-06-16T21:11:44,2024-06-16T21:56:44,57.4,156.0,964.1
552,Standardization,2024-10-12T22:32:46,2024-10-12T23:52:46,59.0,126.7,739.6
553,Homogenization,2024-06-17T09:36:26,2024-06-17T10:11:26,61.0,153.8,886.2
554,Pasteurization,2024-06-28T06:10:15,2024-06-28T07:36:15,62.6,150.1,889.8
555,Standardization,2024-06-02T13:15:02,2024-06-02T14:10:02,59.8,173.0,1064.9
556,Separation,2024-08-09T03:11:37,2024-08-09T05:10:37,54.1,144.9,854.9
557,Pasteurization,2024-08-19T13:15:46,2024-08-19T15:00:46,58.7,185.9,883.6
558,Pasteurization,2024-08-30T01:39:09,2024-08-30T03:16:09,56.0,161.9,890.6
559,Homogenization,2024-05-02T04:37:34,2024-05-02T05:19:34,61.5,186.2,902.6
560,Standardization,2024-05-11T12:34:23,2024-05-11T14:31:23,58.5,110.9,825.2
561,Pasteurization,2024-08-06T20:49:43,2024-08-06T21:39:43,66.5,148.2,514.0
562,Standardization,2024-07-23T17:04:16,2024-07-23T18:57:16,57.5,169.9,931.9
563,Separation,2024-06-23T08:44:59,2024-06-23T09:50:59,55.8,138.7,788.4
564,Pasteurization,2024-08-26T15:55:56,2024-08-26T17:38:56,56.7,109.4,964.5
565,Pasteurization,2024-10-16T07:57:32,2024-10-16T08:49:32,66.3,119.6,1036.6
566,Homogenization,2024-10-17T13:48:31,2024-10-17T14:22:31,59.5,174.5,855.7
567,Standardization,2024-09-22T00:09:45,2024-09-22T01:42:45,60.7,157.4,731.5
568,Separation,2024-10-09T05:55:09,2024-10-09T06:29:09,53.0,140.7,880.2
569,Pasteurization,2024-10-19T06:54:47,2024-10-19T08:06:47,61.4,144.8,938.0
570,Standardization,2024-10-11T16:15:06,2024-10-11T17:02:06,57.6,167.4,648.1
571,Standardization,2024-06-13T23:30:46,2024-06-14T00:24:46,60.6,188.8,700.0
572,Separation,2024-05-23T13:16:41,2024-05-23T14:44:41,56.6,160.3,876.9
573,Homogenization,2024-04-24T17:38:13,2024-04-24T18:51:13,61.8,159.8,945.2
574,Homogenization,2024-05-26T01:51:56,2024-05-26T03:39:56,65.5,158.2,813.8
575,Standardization,2024-09-29T14:03:06,2024-09-29T15:27:06,63.4,188.0,830.1
576,Pasteurization,2024-07-08T20:01:05,2024-07-08T21:56:05,55.1,172.1,831.9
577,Homogenization,2024-07-23T17:05:50,2024-07-23T18:16:50,49.1,166.9,769.7
578,Pasteurization,2024-06-11T15:20:50,2024-06-11T16:39:50,59.5,156.6,878.6
579,Separation,2024-06-25T00:09:54,2024-06-25T01:17:54,63.5,141.3,927.0
580,Pasteurization,2024-06-11T18:55:33,2024-06-11T20:48:33,58.7,164.8,942.3
581,Homogenization,2024-05-04T01:31:13,2024-05-04T03:26:13,55.3,171.7,769.6
582,Separation,2024-05-23T00:20:03,2024-05-23T01:41:03,64.0,157.3,1125.7
583,Separation,2024-09-03T00:59:10,2024-09-03T01:44:10,58.9,143.0,847.1
584,Separation,2024-07-02T08:52:43,2024-07-02T10:40:43,58.5,166.0,607.6
585,Homogenization,2024-07-23T20:29:21,2024-07-23T21:18:21,54.7,128.6,992.5
586,Separation,2024-07-11T17:58:51,2024-07-11T19:57:51,68.6,147.9,824.7
587,Standardization,2024-09-16T01:30:33,2024-09-16T03:08:33,60.4,173.2,710.9
588,Homogenization,2024-09-16T22:31:23,2024-09-16T23:32:23,61.2,169.5,925.2
589,Pasteurization,2024-08-02T01:02:18,2024-08-02T02:29:18,60.9,170.0,444.5
590,Separation,2024-05-07T03:59:06,2024-05-07T05:41:06,63.4,136.9,575.4
591,Homogenization,2024-08-11T04:58:59,2024-08-11T06:36:59,62.6,177.5,829.4
592,Separation,2024-10-04T22:11:36,2024-10-04T23:47:36,64.8,182.2,1047.2
593,Homogenization,2024-09-08T05:04:47,2024-09-08T06:48:47,68.2,164.8,861.3
594,Standardization,2024-09-26T00:46:41,2024-09-26T01:23:41,52.0,145.1,723.5
595,Standardization,2024-07-19T16:50:06,2024-07-19T18:32:06,70.9,146.5,868.5
596,Standardization,2024-08-30T15:19:29,2024-08-30T16:28:29,62.8,150.9,1104.3
597,Standardization,2024-06-10T09:51:23,2024-06-10T10:21:23,56.9,153.9,738.6
598,Pasteurization,2024-04-30T19:03:56,2024-04-30T20:27:56,53.4,137.8,844.4
599,Pasteurization,2024-08-05T02:00:16,2024-08-05T02:37:16,57.9,136.2,639.1
600,Pasteurization,2024-07-22T16:00:40,2024-07-22T16:34:40,59.6,119.9,964.0
601,Homogenization,2024-09-18T07:40:10,2024-09-18T08:27:10,60.4,120.8,803.6
602,Standardization,2024-07-03T17:06:51,2024-07-03T18:24:51,56.2,156.4,1051.1
603,Standardization,2024-07-03T22:38:06,2024-07-03T23:18:06,50.6,152.3,826.0
604,Homogenization,2024-08-26T21:41:22,2024-08-26T22:55:22,63.4,154.3,737.2
605,Standardization,2024-08-02T16:35:05,2024-08-02T17:21:05,58.4,134.1,1011.4
606,Homogenization,2024-10-01T02:33:02,2024-10-01T03:03:02,60.1,188.0,840.9
607,Separation,2024-07-20T21:45:16,2024-07-20T23:41:16,56.5,119.7,579.5
608,Standardization,2024-08-03T06:59:25,2024-08-03T08:17:25,52.1,155.3,926.3
609,Homogenization,2024-07-20T10:40:09,2024-07-20T11:54:09,52.1,167.9,777.5
610,Homogenization,2024-10-08T22:45:56,2024-10-08T23:29:56,50.3,152.9,871.7
611,Standardization,2024-08-19T09:44:59,2024-08-19T10:16:59,56.9,135.8,901.4
612,Pasteurization,2024-05-11T14:12:45,2024-05-11T15:58:45,55.4,107.0,742.1
613,Pasteurization,2024-06-08T12:32:37,2024-06-08T13:07:37,58.9,130.3,830.3
614,Homogenization,2024-08-04T19:27:46,2024-08-04T20:24:46,60.4,145.5,752.5
615,Pasteurization,2024-05-19T05:04:44,2024-05-19T06:38:44,60.8,158.8,686.4
616,Homogenization,2024-09-27T09:50:22,2024-09-27T11:33:22,67.1,148.0,852.8
617,Separation,2024-06-07T00:03:10,2024-06-07T01:11:10,63.5,154.7,993.0
618,Homogenization,2024-07-11T07:19:48,2024-07-11T08:27:48,61.4,137.8,904.2
619,Homogenization,2024-08-21T13:20:22,2024-08-21T15:16:22,54.3,152.2,845.0
620,Standardization,2024-05-01T02:29:44,2024-05-01T03:43:44,59.0,147.4,567.7
621,Standardization,2024-09-21T14:06:53,2024-09-21T15:43:53,57.3,151.9,874.0
622,Standardization,2024-07-10T06:37:32,2024-07-10T07:26:32,54.9,175.3,720.1
623,Homogenization,2024-09-15T11:50:01,2024-09-15T13:28:01,64.8,158.5,753.1
624,Homogenization,2024-06-19T09:31:59,2024-06-19T11:31:59,68.9,126.1,987.9
625,Standardization,2024-10-16T15:00:10,2024-10-16T15:37:10,65.0,136.6,1058.9
626,Standardization,2024-08-08T05:08:40,2024-08-08T06:45:40,58.7,155.8,889.0
627,Homogenization,2024-06-10T12:21:57,2024-06-10T13:17:57,59.3,166.2,969.0
628,Pasteurization,2024-10-18T01:53:06,2024-10-18T03:20:06,51.3,176.1,600.6
629,Pasteurization,2024-08-04T00:14:33,2024-08-04T01:08:33,65.2,172.5,686.4
630,Standardization,2024-08-30T19:32:19,2024-08-30T21:19:19,57.9,127.9,817.8
631,Pasteurization,2024-05-28T12:54:16,2024-05-28T14:39:16,58.5,165.6,1046.5
632,Homogenization,2024-07-24T02:08:20,2024-07-24T03:04:20,67.0,138.8,818.6
633,Separation,2024-06-19T20:57:30,2024-06-19T21:28:30,51.6,133.9,994.7
634,Homogenization,2024-09-12T23:31:29,2024-09-13T00:16:29,68.1,125.3,761.1
635,Standardization,2024-10-16T13:36:19,2024-10-16T14:37:19,59.9,155.6,728.6
636,Homogenization,2024-07-08T00:26:21,2024-07-08T01:26:21,62.1,140.5,847.8
637,Separation,2024-07-04T22:00:44,2024-07-04T23:29:44,62.7,150.1,784.5
638,Separation,2024-06-20T21:21:07,2024-06-20T22:24:07,59.5,148.2,794.5
639,Standardization,2024-07-21T11:44:10,2024-07-21T12:26:10,58.7,182.0,934.1
640,Standardization,2024-09-16T21:26:53,2024-09-16T22:36:53,58.5,163.9,799.9
641,Separation,2024-06-21T18:19:20,2024-06-21T19:41:20,64.1,119.2,627.1
642,Homogenization,2024-09-12T22:29:11,2024-09-12T23:17:11,53.6,126.1,871.4
643,Standardization,2024-06-18T07:41:44,2024-06-18T08:30:44,68.7,194.6,945.7
644,Homogenization,2024-07-04T18:10:53,2024-07-04T19:52:53,62.5,114.0,768.6
645,Standardization,2024-08-06T22:10:48,2024-08-07T00:03:48,56.1,137.6,824.8
646,Separation,2024-06-10T23:13:46,2024-06-11T00:45:46,57.6,110.4,962.2
647,Standardization,2024-07-20T11:37:07,2024-07-20T12:28:07,54.6,154.8,1161.1
648,Separation,2024-05-24T20:50:07,2024-05-24T21:37:07,55.4,99.4,807.1
649,Standardization,2024-05-27T17:43:29,2024-05-27T19:22:29,65.5,189.2,665.6
650,Pasteurization,2024-08-01T17:45:28,2024-08-01T18:19:28,62.5,140.7,834.1
651,Pasteurization,2024-09-27T20:08:14,2024-09-27T22:03:14,59.0,119.5,886.1
652,Pasteurization,2024-07-11T01:53:13,2024-07-11T02:40:13,61.3,185.4,795.7
653,Homogenization,2024-05-05T04:45:12,2024-05-05T06:45:12,61.4,136.7,981.0
654,Homogenization,2024-07-29T04:53:10,2024-07-29T06:21:10,59.4,126.5,848.0
655,Standardization,2024-08-28T00:29:15,2024-08-28T02:01:15,74.5,157.8,584.0
656,Standardization,2024-04-24T07:13:46,2024-04-24T07:45:46,66.3,131.9,751.9
657,Separation,2024-08-04T00:43:13,2024-08-04T01:49:13,70.5,154.8,487.0
658,Standardization,2024-09-25T13:00:49,2024-09-25T13:52:49,73.6,144.6,1029.1
659,Pasteurization,2024-08-01T19:48:47,2024-08-01T20:37:47,58.3,158.3,1073.8
660,Separation,2024-09-27T07:10:27,2024-09-27T08:25:27,65.8,145.9,829.7
661,Standardization,2024-05-07T08:15:22,2024-05-07T09:32:22,65.0,196.7,878.8
662,Standardization,2024-08-09T17:06:03,2024-08-09T18:07:03,69.8,145.2,992.8
663,Homogenization,2024-06-19T05:58:59,2024-06-19T07:55:59,65.5,141.8,737.9
664,Pasteurization,2024-08-26T22:37:45,2024-08-27T00:30:45,65.7,139.4,715.8
665,Pasteurization,2024-07-09T16:44:01,2024-07-09T18:02:01,56.6,139.3,978.5
666,Standardization,2024-05-02T21:30:52,2024-05-02T23:21:52,40.6,164.5,927.4
667,Homogenization,2024-05-08T01:20:42,2024-05-08T02:53:42,56.8,158.6,970.1
668,Separation,2024-08-09T21:04:58,2024-08-09T21:46:58,63.8,173.8,956.2
669,Pasteurization,2024-06-05T14:47:22,2024-06-05T15:44:22,61.8,171.4,846.0
670,Standardization,2024-06-13T15:23:40,2024-06-13T15:58:40,55.6,146.7,738.3
671,Separation,2024-10-13T15:05:45,2024-10-13T16:44:45,56.6,147.1,731.1
672,Pasteurization,2024-05-26T19:51:09,2024-05-26T21:01:09,72.3,143.8,854.5
673,Homogenization,2024-08-13T23:47:11,2024-08-14T00:35:11,63.0,140.7,817.1
674,Standardization,2024-10-19T08:52:15,2024-10-19T09:31:15,67.3,150.1,823.1
675,Homogenization,2024-08-10T00:59:39,2024-08-10T02:18:39,60.4,146.8,743.6
676,Separation,2024-07-05T12:51:10,2024-07-05T13:38:10,55.0,134.7,980.9
677,Pasteurization,2024-07-28T05:51:49,2024-07-28T07:05:49,56.9,146.9,955.1
678,Standardization,2024-06-06T01:52:10,2024-06-06T02:31:10,58.6,162.7,618.9
679,Standardization,2024-09-19T05:01:37,2024-09-19T06:12:37,65.6,147.3,859.0
680,Separation,2024-09-21T03:35:56,2024-09-21T05:02:56,61.4,177.2,653.7
681,Separation,2024-08-07T09:20:33,2024-08-07T10:38:33,44.9,153.7,1120.1
682,Standardization,2024-05-08T15:21:48,2024-05-08T17:10:48,66.2,154.2,776.3
683,Homogenization,2024-09-07T11:19:35,2024-09-07T11:58:35,64.0,130.5,921.5
684,Homogenization,2024-07-04T18:55:41,2024-07-04T20:46:41,62.5,171.2,1263.9
685,Standardization,2024-06-22T11:49:39,2024-06-22T13:05:39,62.0,139.8,846.2
686,Pasteurization,2024-06-20T20:37:49,2024-06-20T22:03:49,51.2,136.1,788.6
687,Separation,2024-05-11T20:25:58,2024-05-11T21:11:58,57.4,153.0,726.6
688,Standardization,2024-07-18T03:45:47,2024-07-18T05:26:47,65.6,150.0,848.6
689,Standardization,2024-05-12T01:22:47,2024-05-12T01:55:47,58.4,153.1,973.8
690,Pasteurization,2024-08-15T21:52:12,2024-08-15T23:38:12,55.7,136.8,804.4
691,Standardization,2024-04-24T09:30:41,2024-04-24T10:37:41,53.3,133.6,778.6
692,Pasteurization,2024-09-09T18:01:01,2024-09-09T19:42:01,64.4,155.3,879.0
693,Homogenization,2024-08-11T01:31:43,2024-08-11T03:07:43,64.3,147.3,908.6
694,Standardization,2024-05-24T21:56:07,2024-05-24T22:43:07,59.5,155.3,762.6
695,Separation,2024-07-26T18:07:26,2024-07-26T18:55:26,47.8,147.3,1063.4
696,Standardization,2024-06-14T14:04:31,2024-06-14T15:27:31,64.6,169.3,1035.4
697,Pasteurization,2024-07-01T02:57:50,2024-07-01T03:59:50,60.4,153.9,757.4
698,Standardization,2024-08-15T07:20:18,2024-08-15T09:08:18,58.4,162.3,1030.6
699,Pasteurization,2024-05-18T07:25:37,2024-05-18T08:33:37,41.9,158.2,831.3
700,Standardization,2024-06-25T12:14:39,2024-06-25T14:03:39,45.8,150.3,633.8
