quality_id,batch_number,fat_content,protein_content,bacteria_count,pH_level,test_date
1,B20240908-115,3.7,2.9,9840,6.9,2024-08-24 03:56:41
2,B20240711-143,3.4,3.2,13013,6.8,2024-06-04 08:14:14
3,B20240502-559,3.3,2.7,7051,6.7,2024-10-12 05:51:29
4,B20240920-096,3.6,2.8,4829,6.6,2024-04-27 18:51:54
5,B20240929-575,3,3.3,6170,6.6,2024-04-27 03:39:59
6,B20240518-430,4.2,3.2,8268,6.6,2024-08-05 19:36:40
7,B20240916-007,3.2,3.2,5737,6.7,2024-09-26 04:13:09
8,B20241017-349,3.2,3.1,6764,6.9,2024-07-13 01:31:33
9,B20240628-345,3.5,3,10370,6.6,2024-09-17 06:08:25
10,B20240719-353,3.6,2.8,5440,6.7,2024-06-30 16:57:54
11,B20240817-471,3.9,3.2,7826,6.7,2024-09-10 16:47:47
12,B20240818-081,2.8,3.1,7057,6.8,2024-07-04 12:05:53
13,B20240924-371,3.7,2.8,8930,6.7,2024-08-20 02:30:39
14,B20240606-678,3.2,3.3,11040,6.8,2024-04-30 21:33:25
15,B20240727-239,3.1,3.1,8949,6.8,2024-05-07 11:51:27
16,B20240927-651,3.3,3.2,5814,6.6,2024-07-19 01:02:42
17,B20240503-215,3.9,3.5,7929,6.8,2024-06-29 23:40:53
18,B20240826-664,3.7,2.9,9031,6.9,2024-09-01 17:33:46
19,B20240705-251,3.5,3.5,3692,6.8,2024-08-03 17:16:20
20,B20240424-656,3.5,3.3,8329,6.5,2024-10-18 16:38:07
21,B20240609-058,3.4,3.3,264153,6.6,2024-06-23 23:16:01
22,B20240815-411,3.9,3.2,7129,6.8,2024-06-22 06:07:03
23,B20240913-323,4.1,3.3,8904,6.8,2024-08-10 03:15:02
24,B20240801-659,3.6,3.1,9916,6.7,2024-10-10 18:55:20
25,B20240929-575,3.3,3.5,7423,6.4,2024-06-08 21:22:02
26,B20240430-598,3.7,3.1,7429,6.7,2024-07-14 04:38:46
27,B20240501-522,3.4,3.2,4417,6.6,2024-05-18 20:40:21
28,B20240701-113,4.2,3.2,4904,6.6,2024-10-06 05:01:49
29,B20240425-433,3,3.2,7116,6.6,2024-09-01 03:16:20
30,B20240509-480,3.5,3.3,7497,6.6,2024-08-15 17:02:28
31,B20240507-012,3.3,3.3,8085,6.8,2024-10-06 03:31:26
32,B20240622-550,2.9,3,10218,6.6,2024-10-10 19:24:46
33,B20240908-115,4.2,3.5,12304,6.6,2024-06-27 01:19:57
34,B20240606-270,3.5,3.1,10688,6.9,2024-04-22 15:07:27
35,B20240429-109,3.9,3.2,7261,6.8,2024-07-29 13:58:05
36,B20240714-520,2.9,3.3,6158,6.8,2024-08-24 01:43:13
37,B20240708-166,3.4,3.1,6212,6.7,2024-09-17 01:33:28
38,B20240426-001,3.8,3.4,9489,6.8,2024-08-02 23:37:38
39,B20240509-372,4.8,3.1,7617,6.6,2024-05-13 17:20:28
40,B20241007-246,4.1,3.4,6246,6.8,2024-06-20 17:07:10
41,B20240430-088,4.1,3.2,10448,6.7,2024-05-07 07:02:04
42,B20240806-546,2.9,3.4,12058,6.8,2024-09-16 16:39:46
43,B20240623-563,3,3,5772,6.8,2024-07-23 06:58:35
44,B20240806-434,4.1,3.3,10744,6.6,2024-08-17 18:55:57
45,B20240917-206,3.6,2.9,6428,6.8,2024-09-15 15:47:27
46,B20240502-666,3.4,3.4,9522,7,2024-08-30 10:17:17
47,B20240510-124,3.5,2.9,8019,6.6,2024-07-18 16:04:40
48,B20240703-603,4,3.2,7776,6.7,2024-04-26 02:01:36
49,B20240712-073,3.9,3.1,10230,6.8,2024-04-23 09:30:42
50,B20240901-033,3.3,3,6947,6.8,2024-05-05 02:06:29
51,B20240911-286,3.5,3.3,13751,6.7,2024-06-07 05:10:55
52,B20240723-585,3.1,3.4,8228,6.8,2024-05-17 16:37:04
53,B20240702-417,4,3,12266,6.8,2024-07-22 20:12:49
54,B20240617-363,3.2,3.3,8753,6.7,2024-07-14 16:50:38
55,B20240830-056,3.9,3.5,8120,6.8,2024-09-10 13:44:23
56,B20240724-063,4,3.2,8542,6.6,2024-05-11 02:39:37
57,B20240906-112,2.7,3.2,6268,6.7,2024-10-06 07:41:06
58,B20240706-144,3.2,2.8,9019,6.7,2024-07-18 02:41:26
59,B20240506-078,3.5,3,7328,6.9,2024-06-09 12:10:56
60,B20240612-101,3.6,2.9,5534,6.9,2024-08-06 20:42:06
61,B20240614-016,4.4,3.5,10390,6.7,2024-10-01 08:10:15
62,B20241006-243,3.7,3.4,6710,6.7,2024-10-03 19:12:31
63,B20240815-411,2.7,3,13338,6.7,2024-06-02 12:08:04
64,B20240625-400,3.3,3.3,4995,6.8,2024-04-22 10:02:41
65,B20241006-293,4.1,3.3,13298,6.6,2024-07-19 08:29:33
66,B20241011-570,4.4,3.1,5519,6.7,2024-09-21 02:43:45
67,B20241011-304,4.4,3.2,6125,6.6,2024-05-28 20:59:17
68,B20240809-556,3.4,2.5,5485,6.9,2024-09-11 20:47:01
69,B20240805-599,4.2,3.2,7046,6.7,2024-05-01 17:40:48
70,B20240721-162,4.7,3.8,10645,6.7,2024-08-03 03:13:37
71,B20240909-191,3.5,2.9,8415,6.5,2024-10-04 07:32:37
72,B20240719-241,4.1,3.1,15266,6.8,2024-10-06 08:22:06
73,B20241007-253,3.5,3.3,462140,6.7,2024-08-10 14:52:47
74,B20240518-430,3.6,3.1,7612,6.7,2024-05-07 22:04:13
75,B20240525-268,3.2,3.4,9019,6.6,2024-06-22 10:23:25
76,B20241013-272,3.9,3.3,10340,6.8,2024-06-07 08:21:25
77,B20240428-469,3.1,3.1,10139,6.8,2024-06-19 06:05:15
78,B20241003-010,3.5,3.2,11888,6.6,2024-05-06 02:04:31
79,B20240719-076,3.8,3.2,7590,6.8,2024-05-11 09:56:47
80,B20240602-358,3.9,3.4,11987,6.7,2024-05-17 17:17:32
81,B20240506-292,3.8,3.1,8930,6.7,2024-07-02 18:07:15
82,B20240902-310,3.5,3.3,6339,6.9,2024-09-05 14:44:01
83,B20240728-542,3,2.3,11469,6.8,2024-08-26 23:45:01
84,B20240921-680,3.8,3.3,8073,6.6,2024-06-19 03:12:21
85,B20240709-119,3.5,3.1,10856,6.7,2024-06-12 08:30:01
86,B20240809-279,3.1,3.1,9171,6.6,2024-05-22 04:26:23
87,B20240718-209,3.1,3.2,8721,6.6,2024-06-27 13:56:16
88,B20240507-501,3.3,3.2,5247,6.6,2024-07-29 03:22:36
89,B20240901-095,3.1,3.2,8895,6.8,2024-05-01 20:44:24
90,B20240603-004,3.9,3.2,8056,6.6,2024-04-30 13:27:33
91,B20240708-166,3.5,3.1,8926,6.6,2024-06-11 20:48:00
92,B20240929-575,3.8,3.2,7842,6.7,2024-07-14 01:09:55
93,B20240824-153,3.8,3.1,8666,6.7,2024-10-10 11:34:26
94,B20241017-566,3.5,3,8162,6.7,2024-08-13 02:41:28
95,B20240707-374,4.2,3.4,15459,6.6,2024-06-20 20:35:16
96,B20240607-041,3.9,3.2,15629,6.6,2024-10-06 03:09:53
97,B20240907-683,3.1,3.1,4284,6.6,2024-06-09 10:53:34
98,B20240702-417,3.1,3.2,8977,6.9,2024-10-10 16:21:58
99,B20241006-243,4,3.1,6188,6.7,2024-10-18 18:22:19
100,B20240508-182,2.8,3.6,473091,6.7,2024-09-26 10:28:12
101,B20240830-341,3.4,3.3,5830,6.7,2024-09-12 00:38:21
102,B20240909-255,3.5,3.3,8809,6.5,2024-08-30 01:59:36
103,B20240718-392,3,3.2,7969,6.7,2024-05-12 23:45:43
104,B20240810-205,3.7,3.5,8899,6.7,2024-06-04 04:36:58
105,B20240716-234,2.7,2.9,9515,6.8,2024-06-20 06:17:33
106,B20240703-337,4.3,3,7397,6.7,2024-07-08 08:59:09
107,B20240911-286,4.5,3.2,12905,6.7,2024-09-19 03:57:48
108,B20240622-550,4.1,3.4,261393,6.7,2024-08-31 22:47:02
109,B20240525-268,3.8,3.5,6066,6.8,2024-10-09 07:17:42
110,B20241019-040,4,2.8,5681,6.5,2024-06-12 13:09:46
111,B20240502-322,3.4,3.3,12717,6.7,2024-09-10 11:15:57
112,B20240801-395,4.3,2.9,4860,6.7,2024-05-14 10:56:54
113,B20240517-447,3.7,3,4357,6.7,2024-04-30 14:51:22
114,B20240511-687,2.8,3.3,9045,6.6,2024-08-04 13:22:05
115,B20240714-339,3.2,3,7952,6.8,2024-08-28 23:34:19
116,B20240428-308,3,3.3,6911,6.6,2024-05-16 04:47:45
117,B20240909-413,3.4,3,6863,6.6,2024-06-24 08:07:21
118,B20240904-431,4.5,3.2,6568,6.7,2024-05-29 06:02:22
119,B20240527-179,3.4,3.2,9742,6.8,2024-09-14 06:33:35
120,B20240426-001,3.2,3.1,7461,6.5,2024-08-06 09:34:20
121,B20240926-594,2.7,3.5,13273,6.7,2024-09-21 13:54:05
122,B20240610-453,3.8,3.3,20407,6.8,2024-07-16 18:52:19
123,B20240819-174,3.4,3,5004,6.7,2024-09-23 03:04:30
124,B20240527-649,3.1,2.9,6674,6.6,2024-08-28 21:46:59
125,B20240719-241,4.3,3.4,8083,6.8,2024-09-14 20:33:26
126,B20240820-151,3.5,2.7,12796,6.8,2024-05-30 16:00:45
127,B20240808-626,3,3.2,6231,6.6,2024-07-23 06:17:45
128,B20240806-645,4,3.6,5326,6.8,2024-07-11 11:26:06
129,B20240531-507,3.2,3.1,6783,6.6,2024-07-05 13:28:09
130,B20240603-006,3.5,3,8787,6.7,2024-09-02 12:33:09
131,B20240910-110,3.4,3,6815,6.8,2024-10-10 22:34:01
132,B20240523-531,3.8,3,8348,6.8,2024-09-25 03:25:24
133,B20240925-125,2.7,3.3,6642,6.8,2024-10-17 03:43:12
134,B20240828-544,3.1,2.8,4972,6.7,2024-08-29 15:08:15
135,B20240616-454,3.6,3,9814,6.5,2024-09-15 15:43:12
136,B20240504-437,3.5,3,6663,6.7,2024-07-29 00:26:12
137,B20240524-163,3.1,3.1,10958,6.6,2024-10-13 05:17:34
138,B20240511-254,3.9,3,9498,6.8,2024-06-11 07:55:12
139,B20240702-534,2.3,3,9634,6.7,2024-09-20 00:13:38
140,B20240702-080,3.7,3.1,8316,6.7,2024-07-16 09:57:17
141,B20240726-328,4.1,3.3,8966,6.7,2024-06-26 05:09:46
142,B20240510-237,3.3,3.1,9121,6.7,2024-05-21 06:55:18
143,B20240522-066,3.6,3.6,10523,6.7,2024-06-02 13:05:33
144,B20240711-426,4.1,3.2,4396,6.6,2024-07-21 11:21:52
145,B20240805-599,2.6,3.1,399043,6.5,2024-07-06 15:05:36
146,B20240507-590,3.5,3.2,317421,6.8,2024-10-10 00:09:27
147,B20240814-306,3.6,3.4,5200,6.8,2024-06-29 07:18:53
148,B20240518-430,3.7,3.1,9797,6.9,2024-10-01 06:46:40
149,B20240711-618,3.6,3.2,7059,6.6,2024-09-24 07:39:21
150,B20240517-447,3.9,3,8278,6.7,2024-06-13 23:58:14
151,B20240614-696,3.7,3.3,11061,6.6,2024-08-29 21:10:37
152,B20240718-479,3.4,3,7091,6.7,2024-10-02 05:02:25
153,B20240729-028,3.9,3,10518,6.8,2024-08-03 17:11:47
154,B20240729-028,3.7,3.1,6424,6.6,2024-08-28 17:48:10
155,B20240802-473,2.6,3.5,9860,6.7,2024-10-07 07:49:12
156,B20240904-217,3.6,3,16877,6.7,2024-06-24 13:34:26
157,B20240812-389,3.6,3.3,9360,6.7,2024-10-09 19:25:10
158,B20240622-259,3.1,3.3,14251,6.8,2024-07-12 20:38:04
159,B20240617-553,4.3,3.4,6021,6.7,2024-09-14 10:42:21
160,B20240502-666,3.5,2.9,4876,6.9,2024-06-04 12:57:03
161,B20240802-032,3.4,3.1,5981,6.5,2024-04-29 19:36:59
162,B20240704-637,3.9,3.2,5502,6.6,2024-04-25 22:58:39
163,B20240831-118,3.3,3.5,7495,6.5,2024-08-29 23:54:15
164,B20240916-263,3.4,3.1,3608,6.7,2024-09-04 19:44:34
165,B20240831-118,3.4,3.3,14110,6.8,2024-08-17 21:58:42
166,B20240705-111,3.4,3,17535,6.7,2024-06-21 09:32:47
167,B20240524-694,3.5,3.2,8599,6.7,2024-08-11 19:24:26
168,B20240618-204,3.2,2.5,8023,6.6,2024-09-07 20:12:36
169,B20240811-249,3.1,3.2,7506,6.9,2024-08-21 19:09:41
170,B20240519-615,2.2,3.4,11776,6.5,2024-10-04 02:39:13
171,B20240516-043,3.3,3.1,5312,6.6,2024-08-09 21:26:12
172,B20240709-071,2.9,3.6,10728,6.8,2024-07-02 22:59:07
173,B20240904-431,3.9,3,6923,6.7,2024-10-03 23:18:33
174,B20240927-651,2.9,3.3,7539,6.7,2024-07-01 07:55:06
175,B20240918-446,3.9,3.3,7271,6.8,2024-05-21 16:59:25
176,B20240811-277,3,3.3,9681,6.7,2024-08-26 07:21:04
177,B20240609-496,3.7,2.9,10691,6.7,2024-09-19 10:05:26
178,B20241003-275,3.2,3.4,6559,6.6,2024-08-15 01:07:54
179,B20240911-286,2.7,3.3,5518,6.9,2024-05-08 19:52:42
180,B20240702-584,2.5,3.5,8632,6.7,2024-07-21 05:41:54
181,B20240531-507,3.2,3.3,8012,6.8,2024-04-27 13:45:06
182,B20240914-364,3.6,3.2,7265,6.7,2024-06-02 04:33:00
183,B20240819-611,3.7,2.9,5407,6.8,2024-10-09 22:35:18
184,B20240817-530,3.6,3.2,8148,6.7,2024-04-23 23:18:27
185,B20240702-417,3.2,3,8593,6.6,2024-09-08 19:47:28
186,B20240802-488,3.7,2.9,11034,6.7,2024-09-03 02:28:22
187,B20240905-018,3.6,3,13354,6.8,2024-09-22 23:20:06
188,B20240430-250,2.6,2.9,6718,6.7,2024-09-03 07:57:42
189,B20240922-567,3.8,3.1,8570,6.6,2024-07-22 21:33:13
190,B20240826-564,3.2,2.9,6142,6.6,2024-09-13 20:18:39
191,B20240501-314,3,3.4,6094,7,2024-06-13 14:33:43
192,B20240730-324,3.7,3.2,6263,6.8,2024-05-29 09:30:28
193,B20240529-190,3.2,3.2,17466,6.7,2024-09-17 00:03:39
194,B20240826-604,4.1,3.1,8018,6.9,2024-06-14 16:34:53
195,B20240530-103,3.2,3.6,10019,6.6,2024-06-15 22:52:10
196,B20240718-184,3.8,3.4,9764,6.5,2024-07-01 01:49:39
197,B20240919-281,3.1,2.5,7924,6.8,2024-05-16 13:55:09
198,B20241012-130,3.6,2.9,9082,6.8,2024-06-17 17:27:19
199,B20240812-013,3.8,3.4,10406,6.7,2024-05-11 22:05:35
200,B20241017-349,3.5,2.9,9217,6.7,2024-07-16 12:44:00
201,B20240721-490,3.6,2.9,5858,6.8,2024-10-06 07:55:12
202,B20240719-076,3.5,3.3,8172,6.7,2024-07-26 11:42:18
203,B20240824-153,4,3.1,8340,6.7,2024-05-21 11:05:56
204,B20240909-255,3.3,3.1,8661,6.7,2024-05-08 12:58:18
205,B20240819-611,4.1,3,7661,6.7,2024-08-17 17:38:42
206,B20240718-390,4.2,3.2,11043,6.6,2024-08-01 11:21:52
207,B20240703-603,3.6,3.4,8305,6.8,2024-10-06 00:40:01
208,B20240510-062,3.2,3.5,16149,6.7,2024-08-20 14:11:49
209,B20240713-213,3.3,3.5,13015,6.6,2024-09-17 02:36:45
210,B20240516-161,3.3,3.1,5413,6.6,2024-05-07 18:21:39
211,B20240814-003,3,3,8019,6.7,2024-05-22 09:29:41
212,B20240820-299,4.3,3.3,10886,6.7,2024-07-22 05:57:03
213,B20240819-465,3.5,2.9,5785,6.7,2024-06-15 21:33:47
214,B20240621-641,3.6,3.3,8837,6.9,2024-06-12 08:54:50
215,B20240501-436,3.2,3.1,6721,6.6,2024-05-30 09:54:15
216,B20240506-273,3.2,3.4,12408,6.6,2024-05-20 22:20:27
217,B20240921-315,3.1,3.3,6865,6.8,2024-05-24 05:15:22
218,B20240702-296,3.6,2.9,12890,6.9,2024-10-17 21:04:06
219,B20240909-413,3.2,3.1,8828,6.7,2024-06-20 01:10:03
220,B20240904-449,3.8,3.2,134794,6.5,2024-07-26 21:15:09
221,B20240704-331,2.9,3.4,298350,6.6,2024-07-14 21:23:58
222,B20240424-691,3.2,3.2,8063,6.8,2024-06-05 10:51:54
223,B20240512-689,4.8,3.1,6996,6.8,2024-04-26 00:40:50
224,B20240627-180,3.8,3.6,9654,6.7,2024-09-17 04:20:44
225,B20240620-285,3.8,3.4,10364,6.8,2024-10-16 21:12:31
226,B20240824-504,4,3.4,12266,6.8,2024-08-23 06:18:40
227,B20241007-342,3.4,3.2,11637,6.6,2024-07-10 07:02:24
228,B20240505-338,3.7,3.1,8173,6.8,2024-05-23 05:29:53
229,B20240815-411,3.6,3.2,5388,6.8,2024-08-28 15:51:47
230,B20240513-091,3.8,3.6,7388,6.7,2024-07-19 07:38:32
231,B20240831-414,3.6,3.5,7874,6.7,2024-09-19 00:20:03
232,B20241019-674,3.8,3.2,7087,6.7,2024-04-22 05:21:51
233,B20240526-193,4,3,8432,6.6,2024-05-02 12:36:33
234,B20240621-641,4.1,2.9,6852,6.7,2024-07-27 19:08:46
235,B20240623-563,4.3,3.2,6859,6.9,2024-06-12 20:34:20
236,B20240516-497,2.8,2.8,9246,6.6,2024-10-10 01:02:33
237,B20241007-246,3,3.3,8717,6.6,2024-08-18 05:32:51
238,B20241017-566,2.9,3.4,9848,6.7,2024-04-24 15:43:39
239,B20240529-117,4.4,3,5127,6.6,2024-10-02 09:14:04
240,B20240628-158,3.5,3.2,7537,6.7,2024-09-30 14:04:05
241,B20241015-280,2.9,3.5,7905,6.8,2024-07-29 19:30:55
242,B20240430-250,3.7,3.3,9613,6.7,2024-07-22 16:42:13
243,B20240804-614,3.8,3.5,8595,6.8,2024-05-29 00:18:31
244,B20240812-072,3.5,3.5,6614,6.9,2024-10-06 18:39:26
245,B20241017-349,3.5,2.9,8420,6.6,2024-07-11 13:46:18
246,B20240814-003,3.9,3.1,7087,6.5,2024-09-28 08:02:15
247,B20240926-594,3.3,2.7,5038,6.8,2024-08-13 23:19:40
248,B20240626-458,3.9,3.3,6062,6.7,2024-05-20 20:30:17
249,B20240819-557,3.5,3,12721,6.8,2024-08-07 04:07:17
250,B20240614-194,3.4,3.2,8625,6.5,2024-10-07 20:38:15
251,B20240711-240,3.4,3.1,5999,6.7,2024-07-05 08:46:24
252,B20240427-485,4.4,3.3,6827,6.8,2024-06-22 18:48:32
253,B20240921-680,4.2,3.4,8249,6.6,2024-07-05 23:15:26
254,B20241006-508,3.8,3.3,10599,6.8,2024-05-21 12:51:43
255,B20240926-340,4,3.1,12030,6.7,2024-08-14 14:26:24
256,B20240530-103,4.5,3.1,13640,6.7,2024-07-16 11:58:32
257,B20240725-148,3.2,3.1,7360,6.7,2024-09-09 06:49:56
258,B20240423-077,3.8,3.1,8044,6.9,2024-05-21 23:22:31
259,B20240721-639,4.4,3.3,8195,6.7,2024-06-26 17:48:34
260,B20240703-337,3.8,3,7500,6.5,2024-10-04 09:30:50
261,B20240819-325,3.7,3.3,7009,6.9,2024-07-04 18:58:19
262,B20240602-555,2.9,2.2,8667,6.8,2024-07-25 18:00:00
263,B20240424-295,4.3,3.1,11199,6.7,2024-08-22 13:25:24
264,B20240612-101,3.4,3.4,9854,6.5,2024-07-15 06:27:13
265,B20241007-455,4.2,3.5,6716,6.7,2024-05-11 12:23:51
266,B20240604-048,3.7,3.3,6869,6.6,2024-04-27 14:54:14
267,B20240923-384,3.5,3.4,9538,6.7,2024-06-30 14:33:36
268,B20240611-580,3.9,2.6,11437,6.5,2024-07-11 00:18:01
269,B20240818-081,3.3,3,5495,6.8,2024-05-25 23:52:56
270,B20240628-247,3.3,3.3,7989,6.7,2024-09-01 15:38:16
271,B20240802-473,3.5,2.9,10925,6.7,2024-06-06 02:04:35
272,B20241003-010,2.7,3.1,12711,6.8,2024-08-29 11:42:10
273,B20240524-694,3.3,3.1,7357,6.9,2024-06-16 20:27:38
274,B20240703-602,3.7,3.3,11037,6.7,2024-06-28 02:27:09
275,B20240626-257,3.4,3.2,7930,6.7,2024-09-03 01:05:38
276,B20240628-495,3.9,3.2,10094,6.7,2024-07-05 16:48:01
277,B20240802-589,3.5,2.8,10666,6.7,2024-06-30 16:52:15
278,B20240810-675,4,2.6,295538,6.6,2024-04-26 06:14:45
279,B20240505-051,3.7,3,9830,6.7,2024-10-06 23:30:22
280,B20241003-294,3.2,3.4,7714,6.8,2024-09-30 17:18:38
281,B20240707-361,3,3.2,14779,6.8,2024-09-24 17:16:25
282,B20240726-695,3.7,3.1,8268,6.7,2024-06-09 16:00:19
283,B20240605-141,3.7,3,9902,6.6,2024-09-01 05:00:52
284,B20240607-041,4.3,3,8857,6.8,2024-08-25 12:09:56
285,B20240707-374,3.4,3.3,12463,6.8,2024-08-12 13:00:34
286,B20240626-335,3.7,2.9,6123,6.8,2024-06-18 07:18:51
287,B20240617-553,3.8,3.3,9804,6.8,2024-05-17 15:54:33
288,B20241015-280,3.4,3.2,5951,6.6,2024-07-28 10:31:59
289,B20240523-494,2.7,3,12910,6.5,2024-09-29 03:19:59
290,B20240818-347,3.3,2.9,6766,6.7,2024-10-08 00:20:37
291,B20241005-145,3.1,3.4,12838,6.5,2024-05-06 14:55:13
292,B20240424-691,3.2,3.2,11359,6.7,2024-08-31 07:53:49
293,B20240613-571,3.5,3,5116,6.8,2024-09-25 05:39:00
294,B20240610-271,2.6,3.7,10072,6.8,2024-04-24 16:51:56
295,B20240512-689,3.8,3.1,9114,6.7,2024-08-30 15:36:27
296,B20240901-381,3.8,3.2,6092,6.6,2024-08-23 23:51:18
297,B20241016-635,3,3.4,6732,6.5,2024-04-26 20:37:23
298,B20241016-625,3.7,3.5,10218,6.6,2024-10-16 17:24:06
299,B20240611-476,2.7,3.2,7725,6.6,2024-09-28 23:26:39
300,B20240616-120,3.8,3.6,8661,6.7,2024-07-10 06:47:47
301,B20240618-505,3,3.5,7922,6.6,2024-06-20 02:26:30
302,B20240907-139,3.5,3.3,8448,6.8,2024-08-04 09:08:55
303,B20240628-554,3.7,3.1,9139,6.7,2024-09-13 07:17:02
304,B20240927-425,2.9,3.4,7403,6.7,2024-05-22 00:07:44
305,B20240720-418,3.9,3.3,6566,6.8,2024-08-19 13:08:50
306,B20240526-380,3.2,3.6,6320,6.7,2024-09-03 00:56:27
307,B20240509-372,3.1,2.7,5589,6.8,2024-06-06 20:21:52
308,B20240507-661,3.1,3.1,9284,6.8,2024-08-05 17:23:41
309,B20240608-126,4.3,2.9,8780,6.8,2024-05-28 20:34:19
310,B20240919-679,2.7,3.3,8098,6.7,2024-05-09 19:13:44
311,B20240602-052,3.1,2.9,4564,6.8,2024-04-26 03:31:58
312,B20240625-579,4.1,3.3,6903,6.5,2024-05-16 10:50:52
313,B20240713-213,3.8,3,6546,6.6,2024-08-07 14:47:43
314,B20240703-337,3.4,3,8184,6.6,2024-06-06 05:51:09
315,B20240814-003,3.9,3.4,8371,6.7,2024-08-15 17:28:32
316,B20240628-554,4.6,3,5596,6.8,2024-05-17 05:48:26
317,B20240701-027,4.5,3.1,13603,6.7,2024-08-28 08:45:06
318,B20240626-244,3.2,3,314331,6.8,2024-09-22 02:21:26
319,B20240510-054,3.4,3,6498,6.8,2024-06-12 12:42:08
320,B20240522-066,4,3.3,5838,6.7,2024-05-14 01:38:38
321,B20240803-608,4.1,3.2,16249,6.7,2024-07-30 15:51:44
322,B20240602-045,3.6,3.1,8434,6.7,2024-08-19 10:36:20
323,B20240702-534,3.9,3.4,6400,6.6,2024-08-27 22:42:39
324,B20240724-063,2.6,3.3,5819,6.5,2024-04-28 01:10:21
325,B20240705-111,3.7,3.7,8088,6.8,2024-07-13 18:34:44
326,B20240612-083,3.5,3.2,10675,6.7,2024-05-06 06:29:29
327,B20240603-282,3.6,3.3,6631,6.8,2024-05-16 12:05:43
328,B20241004-333,3.4,3,9518,6.6,2024-09-07 06:52:21
329,B20240819-465,3.5,3.2,11223,6.7,2024-06-18 06:19:23
330,B20240831-118,3.5,3.4,12296,6.8,2024-09-23 00:05:44
331,B20241016-565,3.5,2.9,5886,6.7,2024-09-18 07:37:33
332,B20240716-234,3.2,3.2,8241,6.8,2024-07-18 16:23:54
333,B20240711-426,3.5,3.3,8261,6.5,2024-07-08 10:13:02
334,B20240508-682,3,3.2,5636,6.8,2024-06-21 16:27:55
335,B20240721-486,4.3,3.6,7600,6.8,2024-09-02 08:49:04
336,B20240706-443,3.6,2.8,6741,6.7,2024-05-10 02:29:01
337,B20240915-134,3.3,3.2,8502,6.7,2024-09-26 15:07:08
338,B20240708-576,3.7,3.4,10773,6.6,2024-08-09 01:10:56
339,B20240508-682,2.2,3.4,5377,6.7,2024-06-29 15:53:11
340,B20240608-053,2.9,2.8,9532,6.8,2024-10-16 20:08:27
341,B20240427-107,3.2,2.7,6878,6.7,2024-06-29 06:47:24
342,B20240523-494,2.8,3.2,8065,6.8,2024-08-27 12:36:46
343,B20241011-570,3.6,3,11602,6.7,2024-10-03 03:43:32
344,B20240821-232,3.5,3,7094,6.6,2024-08-11 11:29:59
345,B20240704-637,3.4,3.5,5369,6.5,2024-09-18 00:29:41
346,B20240619-624,4.2,3.2,6629,6.8,2024-04-27 02:21:06
347,B20240922-030,3.2,3.6,9930,6.7,2024-06-12 22:23:48
348,B20240427-348,4.6,3.1,10123,6.7,2024-06-20 23:58:22
349,B20240611-580,4.2,3.5,8181,6.6,2024-05-19 19:36:01
350,B20240527-649,3.7,3.1,14824,6.7,2024-09-12 21:09:57
351,B20240917-221,3.3,3.2,5409,6.6,2024-08-03 00:13:42
352,B20240816-379,4.1,3.1,5919,6.8,2024-05-22 13:34:49
353,B20240819-611,4.1,3.4,10925,6.6,2024-08-10 05:10:39
354,B20240619-633,2.8,2.4,7355,6.7,2024-05-22 13:34:59
355,B20240606-678,4.2,3.3,9290,6.9,2024-07-17 01:03:22
356,B20241015-280,3.2,3.4,8242,6.7,2024-07-11 10:14:10
357,B20240528-441,4.3,3.3,9523,6.8,2024-06-28 00:37:19
358,B20240525-499,3.3,3,5922,6.5,2024-08-15 04:12:21
359,B20240825-405,4.5,3,7582,6.7,2024-06-03 19:41:25
360,B20240717-309,3.7,3.4,10489,6.6,2024-05-31 16:40:50
361,B20240605-262,3.4,3.3,7520,6.9,2024-09-17 09:14:52
362,B20240528-441,3.7,3.3,9885,6.8,2024-07-27 13:59:01
363,B20240621-236,3.6,2.9,9135,6.6,2024-09-05 15:20:44
364,B20240617-363,3.2,2.6,11748,6.7,2024-09-25 13:09:54
365,B20240517-447,3.7,3.1,8709,7,2024-04-30 05:08:34
366,B20240814-321,3.8,2.8,10157,6.7,2024-10-06 09:43:25
367,B20240424-656,4.1,3.3,7773,6.6,2024-09-06 18:30:17
368,B20241004-333,3.4,3,6807,6.8,2024-04-26 01:11:54
369,B20240924-371,4.3,3.5,5660,6.7,2024-07-20 08:12:25
370,B20240517-447,4.1,3.1,7783,6.7,2024-06-08 05:56:13
371,B20240614-318,3.1,3.3,7814,6.7,2024-07-07 20:24:23
372,B20240526-173,3.1,2.4,10063,6.7,2024-09-20 06:57:08
373,B20240807-523,4.4,3.1,8668,6.8,2024-08-03 00:47:51
374,B20240507-661,2.8,2.8,5127,6.8,2024-06-29 04:14:36
375,B20240916-263,3.2,3.7,6841,6.7,2024-05-20 10:28:46
376,B20240526-672,4.3,3.6,15039,6.8,2024-09-16 14:51:36
377,B20240522-506,4,3.3,10234,6.6,2024-08-21 22:27:12
378,B20240910-460,3.1,3.2,7699,6.7,2024-08-12 12:31:01
379,B20240927-651,3.8,3.4,8320,6.8,2024-08-24 20:33:32
380,B20240730-324,2.9,3.2,6535,6.5,2024-08-21 19:02:41
381,B20240720-647,3.5,3.2,12759,6.8,2024-07-16 20:50:20
382,B20240707-361,3,3.6,11687,6.8,2024-05-02 21:46:51
383,B20240816-039,3.4,2.6,7246,6.8,2024-07-18 18:04:16
384,B20240507-661,4.4,3.5,6997,6.6,2024-05-06 21:35:32
385,B20240720-609,3.6,2.8,8928,6.7,2024-08-19 10:08:48
386,B20240516-043,3.3,2.9,9452,6.6,2024-08-07 15:18:05
387,B20240526-193,2.9,2.6,8036,6.9,2024-08-26 13:46:57
388,B20240523-064,4.3,3.1,6763,6.7,2024-05-21 07:03:48
389,B20240509-352,3,3.3,10196,6.8,2024-10-01 14:27:37
390,B20240608-177,3.4,2.7,6226,6.6,2024-08-25 11:10:13
391,B20240909-537,3.4,3.3,10658,6.6,2024-07-16 07:51:14
392,B20240610-290,4.2,3.1,8051,6.6,2024-07-03 09:36:58
393,B20240608-613,2.3,1.9,10107,6.7,2024-08-31 19:53:33
394,B20240503-068,3.5,3.3,5070,6.6,2024-06-25 23:34:44
395,B20240913-291,3.9,2.9,8849,6.6,2024-07-06 01:31:11
396,B20240711-618,3.7,3.2,4991,6.8,2024-10-14 23:51:47
397,B20240921-680,3.1,3,8605,6.8,2024-08-13 03:45:46
398,B20240919-679,3,3.2,9215,6.8,2024-08-27 09:26:11
399,B20240614-318,3.6,3.1,6321,6.7,2024-05-08 10:49:09
400,B20240526-131,3,2.6,9236,6.8,2024-06-24 18:48:42
401,B20240529-540,2.3,1.7,9757,6.9,2024-09-12 10:56:22
402,B20240924-371,3.5,2.7,7670,6.8,2024-07-29 17:43:41
403,B20241007-350,3.2,3,7010,6.6,2024-06-02 14:12:36
404,B20240605-141,3.6,3.5,8927,6.7,2024-06-04 23:46:01
405,B20240604-104,3.4,2.9,10561,6.7,2024-09-22 00:54:22
406,B20240529-540,3.4,3,8862,6.6,2024-09-12 10:19:49
407,B20240619-633,3.3,3.4,8383,6.6,2024-09-17 19:15:08
408,B20240722-186,4,3.1,14214,6.8,2024-05-23 12:07:36
409,B20240729-170,3.3,3.5,466036,6.6,2024-09-26 02:25:01
410,B20240811-693,3.6,3.4,9866,6.8,2024-07-01 17:45:29
411,B20240506-292,3.3,3.1,9367,6.6,2024-08-18 13:34:51
412,B20240818-547,3.2,3.3,10180,6.7,2024-06-06 10:31:57
413,B20240829-481,2.9,3.1,8613,6.7,2024-09-21 07:25:48
414,B20240723-585,3.6,3.3,8117,6.7,2024-08-31 17:08:20
415,B20240718-392,3.5,3.4,12452,6.6,2024-06-15 17:09:05
416,B20240810-205,3.4,3.2,7479,6.9,2024-05-23 11:14:44
417,B20240510-054,3.6,3,9690,6.7,2024-06-09 13:05:57
418,B20240629-106,3.7,3.6,9002,6.7,2024-08-07 16:20:49
419,B20240506-292,2.5,2,11989,6.7,2024-05-16 05:02:25
420,B20240808-526,2.4,3.1,10914,6.8,2024-07-18 05:58:45
421,B20240719-228,3.1,3.1,7163,6.6,2024-10-15 19:15:38
422,B20240729-028,2.5,3.4,11814,6.5,2024-10-19 16:18:48
423,B20241018-242,4.1,3.2,11702,6.7,2024-07-03 14:47:12
424,B20241006-029,3.6,3.3,6393,6.8,2024-06-04 14:25:35
425,B20240502-666,2.9,3.1,9483,6.6,2024-09-07 18:45:47
426,B20241003-294,3.9,3.5,10979,6.5,2024-04-29 10:30:20
427,B20240711-143,3.6,3.4,5458,6.8,2024-09-30 09:15:20
428,B20240603-006,3.8,3,462878,6.8,2024-08-19 11:43:50 
429,B20240527-154,3.8,3.6,7786,6.6,2024-06-02 21:01:26
430,B20240806-434,4.1,3.2,4222,6.8,2024-08-02 11:35:36
431,B20240925-125,3.2,2.6,8951,6.7,2024-06-19 11:27:58
432,B20240620-638,3.9,3.1,9451,6.7,2024-09-23 03:50:16
433,B20240617-512,3.9,3.3,107202,6.8,2024-10-14 18:17:24
434,B20240802-589,3.2,3.3,7216,6.7,2024-07-31 01:49:29
435,B20240912-002,3.2,3,8329,6.5,2024-07-14 08:23:53
436,B20240511-192,3.4,2.9,10237,6.8,2024-07-11 21:20:44
437,B20240505-070,3.1,3.3,10611,6.8,2024-07-01 00:32:07
438,B20240714-520,3.6,3.3,6668,6.7,2024-09-21 16:56:49
439,B20240602-045,3.3,3.1,8191,6.7,2024-07-22 06:59:17
440,B20240523-017,4.1,3.3,9823,6.8,2024-06-10 06:05:45
441,B20240813-673,4.8,2.8,6592,6.8,2024-06-07 19:43:41
442,B20240830-341,3.3,3.4,8681,6.9,2024-09-11 18:13:10
443,B20240801-659,2.9,3.4,13696,6.6,2024-06-26 17:44:40
444,B20241009-491,3.9,3,8176,6.7,2024-07-21 05:17:58
445,B20240428-469,2.3,1.9,8459,6.8,2024-05-04 06:04:11
446,B20240810-205,3.8,3.7,8367,6.7,2024-09-22 14:50:10
447,B20240430-528,3.4,3.1,4178,6.7,2024-06-21 05:03:30
448,B20241008-260,2.5,2,5585,6.6,2024-07-22 22:12:10
449,B20240505-366,3.2,3.2,103065,6.7,2024-06-16 13:22:24
450,B20240926-340,3.3,3,8917,6.8,2024-08-27 07:55:46
451,B20240828-410,2.6,3.2,7723,6.8,2024-07-15 20:20:27
452,B20240427-348,3.6,3,7363,6.6,2024-07-06 01:53:42
453,B20240629-377,4,3.2,14333,6.7,2024-07-27 14:37:37
454,B20240531-085,3.1,2.9,4717,6.5,2024-09-24 13:37:14
455,B20240709-185,3.6,3.3,5042,6.8,2024-08-16 23:38:09
456,B20240621-336,3.3,3.2,13143,6.8,2024-05-07 13:08:53
457,B20240504-437,3.4,3,4249,6.6,2024-08-17 00:25:13
458,B20240612-044,3.4,3,7790,6.7,2024-07-17 19:46:30
459,B20240918-446,3.4,3.1,8523,6.7,2024-08-19 09:24:56
460,B20240423-077,3,3.5,7866,6.7,2024-05-03 03:18:28
461,B20240614-696,3.9,3.2,345029,6.7,2024-07-30 15:09:14
462,B20240915-623,3.8,3.2,6480,6.5,2024-10-03 19:05:08
463,B20240503-069,3.2,3.7,7004,6.5,2024-05-16 12:16:28
464,B20240907-393,3.9,3.4,438241,6.8,2024-07-01 07:44:38
465,B20240614-696,3.2,3.6,5664,6.8,2024-05-21 19:04:25
466,B20240517-079,4,3.1,12304,6.7,2024-07-17 04:54:25
467,B20240502-322,3.6,3.3,7783,6.8,2024-07-08 06:58:23
468,B20240701-027,3.9,2.9,11983,6.5,2024-05-14 00:42:31
469,B20240708-576,4,3.4,5841,6.7,2024-07-06 03:29:30
470,B20240913-457,2.9,3.2,7387,6.8,2024-09-05 17:03:14
471,B20240820-503,4.2,3.5,6845,6.7,2024-09-03 18:11:03
472,B20240817-463,2.7,3,10823,6.9,2024-05-06 09:06:27
473,B20240518-699,2.9,3.1,8039,6.7,2024-05-09 01:08:04
474,B20240830-356,3.1,3.3,7029,6.7,2024-08-29 16:21:32
475,B20240428-308,3.8,3.2,7108,6.7,2024-06-17 09:11:10
476,B20240729-654,3.5,3.1,7497,6.9,2024-10-19 01:38:42
477,B20240925-125,3.8,3.1,9987,6.7,2024-06-04 13:02:30
478,B20240522-506,4.1,3.3,7846,6.7,2024-06-06 23:16:14
479,B20240718-479,2.7,3,5663,6.7,2024-07-02 15:15:02
480,B20240823-089,4.4,3.7,9812,6.8,2024-08-18 19:53:09
481,B20241009-491,2.6,3.1,6397,6.6,2024-09-08 05:09:09
482,B20240802-589,3.4,2.7,4474,6.8,2024-09-28 21:02:22
483,B20240719-076,3,3.2,15096,6.6,2024-08-24 17:30:53
484,B20240808-132,2.2,3.1,11274,6.9,2024-06-27 21:33:18
485,B20240703-602,2.9,3.3,7047,6.7,2024-08-24 05:39:20
486,B20240727-515,4.8,2.9,8743,6.7,2024-07-15 00:08:50
487,B20240523-531,4,3.2,8887,6.7,2024-05-16 02:37:57
488,B20240528-231,3.6,3.1,9764,6.7,2024-06-23 15:42:29
489,B20240913-291,3.7,3.2,11359,6.7,2024-10-12 18:39:25
490,B20241016-565,2.6,3.5,6175,6.6,2024-08-23 07:34:49
491,B20240818-547,3.2,2.7,4269,7,2024-08-19 07:26:35
492,B20240719-595,4,3.2,7970,6.7,2024-08-14 22:01:38
493,B20240501-620,3.8,3.3,9572,6.7,2024-09-08 22:23:31
494,B20240922-030,3.4,2.7,7642,6.8,2024-04-29 23:58:45
495,B20240811-591,3.8,2.6,9865,6.7,2024-09-18 17:13:28
496,B20240606-427,3.5,3.1,375088,6.8,2024-08-11 02:21:09
497,B20240618-643,4.1,3.1,6476,6.8,2024-10-11 15:01:32
498,B20240628-495,3.2,3,6599,6.6,2024-06-19 15:51:38
499,B20240703-305,3.9,3.3,10043,6.7,2024-07-09 20:31:42
500,B20240430-451,3.2,3.3,11553,6.8,2024-05-22 16:42:29
501,B20240710-622,3.7,3,8634,6.6,2024-06-27 01:24:44
502,B20240909-354,3.5,2.9,4965,6.7,2024-06-23 00:07:20
503,B20240430-528,3.2,3.2,7782,6.7,2024-07-02 22:50:32
504,B20240608-126,3.8,3.1,7586,6.8,2024-07-21 13:55:11
505,B20240602-052,3.5,3.2,8306,6.7,2024-05-10 19:10:30
506,B20241001-429,3.1,3,6444,6.8,2024-08-19 11:52:00
507,B20240621-336,3.2,3.2,9998,6.7,2024-05-23 00:15:15
508,B20240920-164,3.8,2.9,7787,6.7,2024-05-28 20:41:27
509,B20240813-316,3.5,2.9,11625,6.6,2024-07-27 20:23:19
510,B20240615-518,3.7,3.2,10950,6.9,2024-07-07 08:38:29
511,B20240619-362,2.9,2.3,8576,6.6,2024-08-13 06:34:50
512,B20240613-670,3.9,3.4,9583,6.7,2024-08-16 00:38:21
513,B20240705-111,4.2,3,8263,6.6,2024-04-23 14:06:34
514,B20240625-375,3.9,2.8,8035,6.7,2024-09-10 06:25:59
515,B20240608-053,3,3.1,8140,6.8,2024-07-08 18:50:44
516,B20240702-296,3,2.3,11357,6.7,2024-08-07 10:12:20
517,B20240826-564,3.1,3.3,6999,6.8,2024-09-17 10:22:52
518,B20240808-626,3.2,3.2,10758,6.7,2024-09-01 02:53:14
519,B20240505-383,3.9,3.2,14683,6.9,2024-07-07 11:43:27
520,B20240725-148,2.8,3.3,6342,6.7,2024-07-01 23:50:57
521,B20240508-042,3.5,2.7,11131,6.7,2024-07-28 02:31:55
522,B20240721-486,3.4,3.1,8450,6.7,2024-06-25 16:04:55
523,B20240430-528,3.4,2.6,8144,6.6,2024-10-12 10:17:43
524,B20240511-167,3.4,2.9,5297,6.8,2024-06-22 20:27:27
525,B20240930-307,3.3,3.1,9365,6.7,2024-10-02 14:48:34
526,B20240806-546,4.6,3.1,9041,6.8,2024-07-29 23:26:23
527,B20240905-018,4.3,3.1,7148,6.8,2024-07-23 05:09:35
528,B20240430-598,3.9,3.4,5374,6.9,2024-07-11 21:13:06
529,B20240806-645,3.1,2.5,7750,6.6,2024-10-08 08:16:35
530,B20240908-593,2.8,2.9,8397,6.5,2024-08-27 07:16:31
531,B20240918-492,2.9,3.2,3671,6.8,2024-08-13 07:24:56
532,B20240718-390,2.3,3.2,8139,6.8,2024-08-20 08:10:41
533,B20240916-587,3.5,3.6,8646,6.8,2024-04-28 03:07:45
534,B20240621-452,3.1,3.2,12890,6.7,2024-04-25 16:15:16
535,B20240718-209,3.6,3.4,6485,6.5,2024-09-03 01:57:52
536,B20240923-483,3.6,3.4,5402,6.8,2024-10-17 17:56:18
537,B20240504-142,3.8,2.7,6118,6.7,2024-05-04 02:15:06
538,B20240721-490,3.4,3.1,6379,6.9,2024-08-28 14:12:02
539,B20240817-471,3.4,3.1,8003,6.8,2024-05-25 15:05:18
540,B20240811-693,3.5,3.2,6667,6.6,2024-06-29 19:05:49
541,B20240610-271,3.2,3.3,6013,6.7,2024-08-24 22:02:15
542,B20240911-286,4.2,3.3,7252,6.6,2024-06-08 20:51:44
543,B20240702-296,4.3,3,10452,6.8,2024-06-18 18:59:03
544,B20240819-325,3.4,3.1,4671,6.7,2024-07-25 22:55:10
545,B20240919-281,3.8,3,7733,6.7,2024-09-23 10:51:27
546,B20240812-389,3.8,3.2,4974,6.6,2024-08-05 11:27:10
547,B20240909-150,3.6,3.4,6732,6.9,2024-06-28 00:26:38
548,B20240818-081,2.6,3.1,7903,6.7,2024-09-07 16:08:22
549,B20241009-491,2.9,3.3,9057,6.7,2024-06-10 19:06:55
550,B20240708-576,3.7,3.1,4988,6.6,2024-06-13 15:34:12
551,B20240918-601,3.6,3.2,8204,6.8,2024-08-19 13:15:46
552,B20240828-544,3.2,3.2,9620,6.7,2024-10-14 18:27:50
553,B20240930-424,2.9,3,10396,6.8,2024-05-11 10:57:22
554,B20240605-141,4.1,3.3,5648,6.7,2024-09-01 06:35:05
555,B20240721-162,4.3,3.3,7614,6.8,2024-10-19 09:55:06
556,B20240802-488,2.9,3.1,5853,6.7,2024-10-09 13:38:20
557,B20240623-329,3.9,3.2,6236,6.7,2024-06-16 18:39:32
558,B20240805-092,3.3,3,8970,6.6,2024-09-18 06:31:05
559,B20240816-039,2.7,2.9,5009,6.7,2024-09-12 10:31:43
560,B20240807-181,3.6,3.2,242848,6.8,2024-10-10 07:33:34
561,B20240627-407,3.2,3.4,4487,6.8,2024-10-01 08:59:21
562,B20240813-297,2.9,3.3,176637,6.5,2024-09-14 10:36:28
563,B20240711-618,3.5,3.2,7655,6.5,2024-08-10 06:53:38
564,B20240506-466,4.5,3.3,17859,6.6,2024-06-16 06:09:12
565,B20240821-138,4,3.4,7426,6.8,2024-07-26 21:47:55
566,B20240624-116,3.3,3.1,2859,6.7,2024-05-29 10:33:58
567,B20240717-264,2.8,3.1,442012,6.6,2024-08-25 21:13:43
568,B20240620-303,2.2,3.2,9237,6.7,2024-06-26 11:03:23
569,B20240808-626,4.1,3,9937,6.8,2024-05-26 01:51:56
570,B20240815-438,2.6,3.3,6965,6.7,2024-09-29 14:03:06
571,B20241006-098,3.7,3.1,6616,6.7,2024-08-29 22:57:30
572,B20240909-255,3,2.3,9934,6.6,2024-06-23 20:05:35
573,B20240824-274,3.8,3.3,4828,6.6,2024-07-17 17:56:18
574,B20240916-587,4.1,3.2,7049,6.7,2024-09-09 08:52:36
575,B20241018-242,3.9,3.1,6773,6.8,2024-09-03 12:32:08
576,B20240920-164,4.4,3.4,8313,6.6,2024-06-20 13:49:16
577,B20240924-319,3.1,3.3,9186,6.8,2024-10-12 19:33:14
578,B20240629-377,3.8,2.9,11109,6.6,2024-06-18 06:58:29
579,B20240721-490,3.3,3.3,14745,7,2024-05-17 22:28:32
580,B20240505-383,3.8,3.2,9512,6.8,2024-08-17 14:56:53
581,B20240616-551,3.3,3.6,8682,6.7,2024-07-22 10:13:04
582,B20240511-254,3.8,3.3,10422,6.6,2024-09-16 22:31:23
583,B20240613-084,3.2,3,9245,6.8,2024-09-21 21:24:48
584,B20240702-080,3.7,3.5,8089,6.8,2024-07-01 06:02:22
585,B20240806-561,3,3.1,9983,6.8,2024-09-29 22:22:01
586,B20240527-154,3.4,3.2,5139,6.7,2024-08-04 05:01:03
587,B20240616-120,3.9,3.3,9416,6.7,2024-07-16 19:07:34
588,B20241013-094,3.5,3.1,9993,6.7,2024-07-25 22:06:12
589,B20240819-465,3.7,3.1,4247,6.8,2024-05-02 19:16:53
590,B20240609-060,3.3,3,9977,6.7,2024-08-09 12:00:59
591,B20240612-023,4,3.3,9947,6.6,2024-06-20 20:10:27
592,B20240823-224,4.1,3.3,462434,6.7,2024-09-13 19:42:02
593,B20240522-066,3.2,3,5822,6.8,2024-06-27 21:37:15
594,B20240709-071,2.7,3.4,6244,6.6,2024-10-12 15:21:36
595,B20240523-419,3.4,3.1,10717,6.9,2024-06-16 17:56:22
596,B20240809-662,3.2,3.1,7715,6.8,2024-08-24 13:43:23
597,B20240718-392,3.4,3.5,11429,6.6,2024-10-12 01:54:56
598,B20240729-385,3.8,3.2,6985,6.7,2024-07-04 07:15:37
599,B20240617-553,3.2,3.1,4912,6.6,2024-10-08 19:42:56
600,B20240807-183,3.5,3.5,6741,6.6,2024-05-15 00:52:14
601,B20240514-229,4.4,3,4922,6.6,2024-05-16 17:28:49
602,B20240727-475,3.2,2.9,7797,6.8,2024-06-18 22:28:20
603,B20240812-389,2.9,3.2,9125,6.7,2024-08-03 06:59:25
604,B20240915-159,3.6,3.2,6349,6.8,2024-06-28 05:13:16
605,B20240624-116,4.1,3.4,10982,6.5,2024-09-09 18:51:23
606,B20240523-017,4,3.3,5110,6.7,2024-08-19 09:44:59
607,B20240715-035,3.6,3.5,10071,6.6,2024-08-15 07:58:49
608,B20240605-050,4.3,3.2,201240,6.7,2024-10-08 08:48:16
609,B20240711-240,3.8,3.2,11353,6.7,2024-07-16 05:42:53
610,B20240609-058,3.8,3,8046,6.7,2024-09-19 16:43:07
611,B20240507-590,3.6,3.1,7789,6.8,2024-06-06 11:16:18
612,B20240623-329,3.3,2.9,13696,6.8,2024-08-30 14:13:32
613,B20240702-534,2.9,3.3,6968,6.7,2024-08-28 04:48:46
614,B20240613-571,3.6,3.2,6405,6.6,2024-05-03 20:04:59
615,B20240627-180,3,3,7941,6.6,2024-10-16 00:15:35
616,B20240814-049,3.8,3.5,6808,6.7,2024-07-27 05:45:37
617,B20240817-391,3.7,3.3,8289,6.8,2024-08-30 08:40:58
618,B20240523-419,3.7,3,10516,6.8,2024-07-11 20:12:48
619,B20240616-551,3.1,3.2,9946,6.7,2024-09-15 11:50:01
620,B20240725-148,4,3.7,6400,6.6,2024-06-19 09:31:59
621,B20240508-423,3.7,3.3,7560,6.8,2024-08-09 04:54:30
622,B20240504-398,2.8,3.3,6756,6.9,2024-05-18 00:55:03
623,B20240818-081,4.5,3,6871,6.8,2024-08-25 13:52:03
624,B20240918-549,3.3,3.2,8165,6.5,2024-05-09 22:54:48
625,B20240506-387,3.5,3.1,6988,6.8,2024-06-13 03:07:18
626,B20240607-075,2.9,3.4,7452,6.7,2024-10-08 15:21:59
627,B20240718-688,3.9,3.3,9616,6.8,2024-09-09 15:30:25
628,B20240830-341,3.3,3.1,5851,6.6,2024-10-07 20:02:30
629,B20240904-195,5,3.4,5402,6.6,2024-06-02 03:05:44
630,B20241009-491,3.7,3.3,9553,6.7,2024-09-15 11:26:09
631,B20240428-210,3.4,3.3,8314,6.5,2024-09-05 15:47:57
632,B20240610-290,3.4,3,8540,7,2024-06-23 10:50:04
633,B20240813-316,3.7,3.1,10684,6.7,2024-06-30 18:16:15
634,B20240530-478,3.7,3,15017,6.6,2024-07-27 13:28:48
635,B20240726-328,3.7,3,9572,6.6,2024-07-22 03:59:02
636,B20240716-047,3.3,3.1,10858,6.8,2024-07-11 09:03:15
637,B20240523-017,2.9,3.2,6549,6.6,2024-05-20 08:02:56
638,B20240604-428,3.4,3.1,16781,6.7,2024-08-12 11:00:05
639,B20240812-389,2.8,3.1,11008,6.9,2024-06-05 15:57:52
640,B20241013-671,2.7,2.8,14204,6.7,2024-08-06 22:10:48
641,B20240507-501,3.1,3.3,3674,6.7,2024-09-17 05:31:06
642,B20240703-472,3.7,3.4,5977,6.7,2024-07-26 06:20:28
643,B20240706-144,3,3.3,6194,6.7,2024-05-24 20:50:07
644,B20240809-556,3,3.3,10483,6.7,2024-10-17 01:03:39
645,B20240715-035,3.5,2.9,7406,6.7,2024-08-01 17:45:28
646,B20240622-685,4.8,3.7,351370,6.6,2024-09-27 20:08:14
647,B20240610-646,3.9,3.4,8430,6.7,2024-05-18 16:45:25
648,B20240823-224,3.7,2.8,7661,6.7,2024-04-23 18:36:08
649,B20240729-654,4.2,3.3,7410,6.7,2024-08-19 23:19:15
650,B20240705-676,4,3.2,421415,6.6,2024-07-24 19:53:40
651,B20240907-422,3.5,2.8,10451,6.5,2024-08-07 02:50:43
652,B20240918-549,3.2,3.2,250187,6.7,2024-06-14 08:23:04
653,B20240424-691,4.2,3,6590,6.6,2024-09-26 21:35:14
654,B20240910-110,2.8,3.2,6732,6.9,2024-05-26 19:26:38
655,B20240723-197,3.4,3.5,10833,6.7,2024-06-07 18:59:46
656,B20240824-274,4.6,3.3,12757,6.8,2024-06-29 19:48:54
657,B20240817-471,3.7,3.4,9771,6.6,2024-07-09 20:13:29
658,B20240428-308,3.5,3.4,12808,6.6,2024-06-04 20:34:15
659,B20240502-666,3.8,3.2,7821,6.7,2024-08-26 22:37:45
660,B20240506-387,3.6,3.3,12487,6.8,2024-07-04 15:29:54
661,B20240930-176,3.7,3.1,11304,6.7,2024-04-23 20:02:27
662,B20240926-340,2.9,3,10721,6.6,2024-08-25 05:29:08
663,B20240521-541,3,3,6593,6.8,2024-05-10 12:25:06
664,B20240504-581,3.4,2.9,130788,6.7,2024-10-14 00:14:11
665,B20240921-288,3,3.5,9444,6.8,2024-05-06 10:29:13
666,B20240718-184,3.2,3.4,5839,6.8,2024-04-28 09:20:00
667,B20240703-602,3.6,3.3,5694,6.6,2024-06-01 05:25:36
668,B20240522-408,3.8,3,9311,6.6,2024-09-28 09:40:56
669,B20240628-247,3.9,3,9563,6.8,2024-08-09 12:14:08
670,B20240628-554,3.2,3.3,8761,6.6,2024-08-31 11:12:41
671,B20240818-081,3,2.8,8999,6.5,2024-05-19 04:13:01
672,B20240612-101,3.5,3.1,9934,6.7,2024-05-02 10:14:36
673,B20240501-620,3.3,3.3,8959,6.7,2024-06-27 03:16:38
674,B20240626-335,3.7,2.8,10168,6.8,2024-07-08 00:46:12
675,B20240820-503,3,3.2,8008,6.7,2024-07-18 11:42:57
676,B20240706-443,3.7,3.5,11209,6.6,2024-07-03 21:36:59
677,B20240430-088,3.8,3.5,9100,6.8,2024-07-04 19:16:02
678,B20240719-076,4.5,3.7,8732,6.8,2024-06-08 20:32:21
679,B20240801-650,3.6,3.2,7292,6.9,2024-09-07 04:39:21
680,B20240910-110,3.1,2.6,9414,6.6,2024-07-01 00:59:05
681,B20240906-369,3.7,2.8,9775,6.8,2024-07-17 08:37:09
682,B20240511-192,3.2,3.2,14563,6.6,2024-05-08 22:50:04
683,B20240720-418,3,3.5,14599,6.7,2024-07-30 12:08:50
684,B20240920-096,4,3.5,6485,6.7,2024-08-07 14:51:05
685,B20240801-395,4.1,3.4,9593,6.6,2024-10-06 17:13:06
686,B20240509-087,4.5,3.1,7328,6.7,2024-09-20 07:11:28
687,B20240711-586,4.3,3.4,9177,6.7,2024-06-08 03:15:43
688,B20240711-143,3.5,3.3,3793,6.7,2024-05-24 21:56:07
689,B20240612-065,3.6,3,9098,6.7,2024-05-20 08:06:20
690,B20240609-496,4.4,3.5,7046,6.7,2024-06-19 04:56:48
691,B20240621-641,3.5,3.1,8591,6.6,2024-06-08 21:11:34
692,B20240910-110,2.9,3.3,445198,6.7,2024-07-19 21:47:23
693,B20240830-341,3.6,3,10924,6.7,2024-07-07 20:03:29
694,B20240505-338,3.5,3.4,7816,6.7,2024-10-06 10:08:07
695,B20240508-667,3.3,3.3,8888,6.6,2024-09-28 21:57:08
696,B20240711-618,3.4,3.1,6558,6.5,2024-06-23 06:24:28
697,B20240508-182,3.4,2.9,7052,6.6,2024-06-22 00:12:00
698,B20240527-649,4,3,6448,6.7,2024-06-17 14:14:48
699,B20240714-334,3.2,3.5,5758,6.7,2024-06-08 01:46:44
700,B20240707-374,3.7,3.4,7229,6.5,2024-07-07 07:12:37
